160,50,3,
-2.06122,-0.490006,-0.754467,-0.50399,1.47285,-0.647539,-1.21902,0.0905321,0.606967,-1.28568,-0.636347,-0.765801,-1.72082,-1.01746,-0.780821,-1.35605,-0.4051,-1.3064,-0.91294,-0.459511,-0.683443,-0.499378,-0.902285,-1.19882,0.0418466,-0.65315,0.332103,-1.38923,-0.746633,0.923916,-1.27994,0.400492,-0.405762,-0.931158,-0.487297,-2.21211,-0.72837,-0.211742,1.69753,-1.70622,-0.540064,-0.566707,-1.00002,-1.72386,-0.931742,-0.804892,-1.19835,-0.34931,-0.705103,-2.06119,
-0.613514,-0.568251,-0.504905,-0.394019,-2.57436,-0.677289,-0.147669,0.694148,0.663549,-0.391396,-0.264053,-0.524008,-0.758957,-0.399981,-0.523041,-0.629261,-0.620338,-0.591395,0.496726,-0.19738,-0.379988,0.536071,-0.561774,-0.067619,0.121066,-0.469422,-1.2695,-0.287055,-0.293569,0.692895,-0.644781,-0.547106,-0.380675,-0.455974,-0.487649,-1.0134,-0.160362,-0.322355,-0.102418,0.809799,-0.178742,-0.353262,2.29207,-0.703047,0.0146182,0.291299,-0.0804711,-0.272573,-0.478291,0.701508,
-0.111159,-0.304579,-0.345799,-0.278097,0.630677,0.981182,0.121446,-0.233849,-0.298574,0.485738,-0.302434,-0.556712,-0.216005,0.156636,-0.376727,-0.0312799,-0.01693,-0.13015,0.37692,-0.433893,-0.183352,0.149689,-0.0940216,-0.152388,-0.708792,-0.367806,-0.00413075,0.34264,-0.120879,-0.251014,-0.0391963,1.68547,-0.287977,0.161062,-0.160492,0.145356,0.0601761,-0.658492,2.20358,-0.265488,-0.321885,-0.137311,-0.611216,-0.193576,-0.132924,0.203854,0.224631,-0.43473,-0.538981,1.32724,
0.0934292,-0.276039,-0.316381,-0.232914,-0.0534876,0.53741,0.304163,0.543701,0.786812,0.311821,-0.192052,-0.357061,-0.0134624,0.0631483,-0.22628,0.11679,-0.12281,-0.0512883,0.108825,-0.233282,-0.106526,0.308698,-0.0229078,0.247917,-0.518103,-0.357877,-0.167346,0.19264,-0.208993,0.896088,0.0658452,0.742484,-0.161939,0.0421572,-0.155006,0.235235,-0.0383316,-0.466417,1.11155,1.1722,-0.185107,-0.129186,0.569691,-0.0233546,0.510026,0.142774,0.209169,-0.647277,-0.712989,1.07168,
0.0656912,0.160543,0.227214,0.118485,0.236564,0.397581,0.174824,0.204973,0.190523,0.208141,0.242825,0.161593,0.0198572,0.11258,0.00347938,0.0529636,0.104337,0.0432744,0.334348,0.111535,0.13738,0.156532,0.0671579,0.19286,0.0106339,0.253555,0.136105,0.135777,0.161119,0.147865,0.0543,0.372189,0.129756,0.150354,0.210814,0.0449829,0.27059,0.0557746,0.265546,0.0456144,0.149968,0.125993,0.337422,0.0259159,0.121783,0.269311,0.152244,0.103518,0.085111,0.982503,
0.204858,-0.157677,-0.240723,-0.068673,-0.264665,-0.0417041,0.198159,0.466584,0.503881,-0.044235,-0.114123,-0.186771,0.151049,-0.0945592,0.0866793,0.121897,-0.0572078,0.0877238,-0.0258458,-0.00531882,-0.0264311,0.0784094,0.0773816,0.361007,-0.214306,-0.219854,-0.244642,-0.0694394,-0.0951514,0.479932,0.159206,0.106789,-0.0721002,-0.0473162,-0.107409,0.219557,-0.0671552,-0.266323,0.392137,1.38106,-0.0562216,-0.119291,0.517627,0.157244,0.480914,-0.00813391,0.0749765,-0.0106626,-0.0304888,0.314986,
-0.013775,-0.0224724,-0.0854037,-0.0179156,0.103894,0.644056,0.241673,0.395806,0.468655,0.377389,0.0129739,0.129732,-0.145745,0.0514729,-0.0536656,-0.0513707,-0.079628,-0.0892214,0.440632,0.0077181,-0.028545,0.292472,-0.0214167,0.203802,-0.340532,-0.0696089,-0.104947,0.0878316,0.104811,0.534025,-0.00121531,0.902337,-0.0698391,0.0494201,0.03098,-0.0828887,0.225419,-0.0598445,0.890247,0.821186,0.0838477,0.0582038,0.593959,-0.0668375,0.344689,0.306386,0.0924951,-0.285454,-0.330106,0.916256,
0.0930256,0.22189,0.27062,0.126422,-0.13068,-0.317026,-0.0385833,0.0466253,-0.0471338,-0.305669,0.288479,0.619073,0.0746818,-0.224228,0.126362,-0.0802846,-0.04535,0.0555857,-0.103193,0.225235,0.0232193,-0.0346912,-0.0314197,0.0814342,0.16324,0.308788,0.0274161,-0.323745,0.176528,-0.0438758,-0.0842089,-0.312193,0.241297,-0.235508,0.138049,-0.0160521,0.0335707,0.413765,-0.0554053,-0.0402421,0.293622,0.0996745,0.134689,-0.00832621,-0.0927282,0.0636804,-0.0573589,0.156715,0.207181,0.657532,
-0.208883,0.378452,0.418148,0.101467,0.5539,0.154738,-0.136472,-0.0881203,-0.089978,0.0816704,0.269644,0.164271,-0.0341667,-0.00064921,0.0355346,-0.0938111,0.191414,-0.0886451,-0.062943,0.0434441,0.00335117,-0.157799,-0.00944661,-0.297662,-0.220527,0.336767,0.464305,-0.0656198,0.258461,-0.132433,0.00254672,0.294932,0.139455,0.0366345,0.306748,-0.110954,0.200989,-0.0590337,0.649788,-0.0272701,0.205812,0.1373,-0.0830753,-0.0488325,-0.175424,-0.0727162,-0.135201,-0.122665,-0.124613,0.886387,
0.224758,-0.216538,-0.352836,-0.171759,-0.0268379,0.802959,0.425305,0.599255,0.60241,0.704222,-0.203186,-0.330912,-0.0670047,0.318628,-0.175268,0.156742,0.023636,0.0554226,0.65046,-0.155209,0.0114257,0.578244,-0.00192569,0.375893,-0.48698,-0.293886,-0.245831,0.462074,-0.00621178,0.680271,0.0777965,1.03592,-0.247593,0.214304,-0.1296,0.146017,0.146661,-0.415052,1.30218,0.799545,-0.203188,0.018805,0.662449,0.0302367,0.532224,0.468014,0.405966,-0.4337,-0.413204,0.784748,
0.0930574,-0.194917,-0.216523,-0.143604,0.177861,0.975303,0.363927,0.189754,0.151925,0.6792,-0.186613,-0.456399,-0.159856,0.386761,-0.143072,0.0653069,0.0554232,0.00760449,0.580312,-0.306252,-0.0541178,0.423317,-0.0286808,0.0952468,-0.601459,-0.247217,0.0316863,0.529482,-0.0171237,0.171738,0.0962477,1.28137,-0.177962,0.306913,0.0308442,0.119879,0.245309,-0.683571,1.60973,0.0167173,-0.242698,-0.00868294,0.239093,-0.0838353,0.220768,0.398183,0.258142,-0.564206,-0.58185,0.872244,
0.316263,-0.500282,-0.564911,-0.14261,-0.639003,0.468564,0.469107,0.480758,0.515924,0.29483,-0.383284,-0.46874,0.0578395,0.139934,-0.0291003,0.215019,-0.238932,0.10913,0.312879,-0.213261,-0.0682345,0.377653,0.0292979,0.510452,-0.337532,-0.533354,-0.516694,0.324017,-0.338547,0.570518,0.197328,0.682121,-0.257691,0.0860022,-0.356944,0.374299,-0.130029,-0.357671,1.01297,0.952285,-0.243409,-0.143199,0.467919,0.142827,0.586592,0.116614,0.363392,-0.284925,-0.261376,0.00271665,
0.0708043,-0.131518,-0.198646,-0.0807267,0.126458,0.447967,0.1582,0.525172,0.623775,0.29733,-0.190646,-0.360696,-0.0900717,0.172464,-0.0721496,0.0315684,0.0479234,-0.0268407,0.262262,-0.129945,-0.0308414,0.188641,0.0159408,0.330043,-0.262839,-0.20677,-0.048519,0.167066,-0.0670191,0.677843,0.0593806,0.548927,-0.188591,0.177078,-0.0734509,0.122485,0.0435087,-0.327279,0.744114,0.79035,-0.176293,-0.00159752,0.577699,-0.0258793,0.398781,0.204851,0.175559,-0.214455,-0.281536,0.486608,
0.0585153,0.0294625,0.0114993,0.0247745,0.0529817,-0.0744401,0.0236772,0.289661,0.282618,-0.105596,0.0180257,0.0243199,0.0727161,-0.0132229,-0.0241086,-0.0232881,0.0317869,0.0278443,-0.0213984,0.0434861,0.0430177,-0.0442672,0.0659752,0.156666,-0.0310896,0.0560732,0.0134068,-0.0610934,0.0338937,0.319394,-0.0104224,-0.066903,0.00860654,-0.0769435,0.0364565,0.0747265,0.0189435,0.0247359,0.0950039,0.480299,0.0246434,-0.0300145,0.350929,0.0140147,0.233646,-0.0316043,0.0171871,-0.0938893,-0.113858,0.30001,
0.294109,-0.36142,-0.401027,-0.0952329,-0.442508,0.184408,0.305058,0.570973,0.549771,0.122566,-0.177648,-0.243784,0.0772794,0.0631092,0.0162282,0.0642917,-0.122805,0.0463423,0.214498,-0.131294,-0.0530776,0.269995,-0.0146559,0.404722,-0.114312,-0.34298,-0.374411,0.118118,-0.195175,0.618368,0.0484792,0.199044,-0.216956,0.0431719,-0.249762,0.199292,-0.0955684,-0.18639,0.135209,1.03864,-0.197706,-0.0741142,0.645492,0.112495,0.478374,0.107837,0.205435,-0.156569,-0.196355,-0.0985369,
0.0136422,0.0545675,0.0166826,-0.0225293,0.139368,0.190255,0.0347488,0.0861663,0.0849628,0.178348,0.0547582,-0.0382424,0.0075431,0.125111,0.0136396,-0.00519731,-0.0067315,-0.0356413,0.18175,-0.0383549,0.0475965,0.0877967,0.00828428,-0.0125593,-0.0480796,0.0683638,0.0491729,0.13683,0.0897085,0.0256389,0.0430366,0.0828862,-0.0521516,0.0526635,0.0796914,0.0985092,0.112273,-0.0368915,0.0768449,0.0653348,0.0101955,0.00130201,0.0951799,0.0428047,-0.00157464,0.0960323,0.104785,-0.122343,-0.0472753,0.426647,
-0.0492823,0.107341,0.175639,0.0537791,0.148515,0.0440709,-0.0625668,0.328762,0.400778,0.0049113,0.0915467,-0.000641701,-0.050979,0.0357468,0.0320169,-0.00682621,0.101033,0.00490238,-0.0360207,0.0128747,0.0160761,-0.129961,0.0499398,0.0017709,0.0275472,0.171553,0.145806,-0.000743435,0.107196,0.407223,-0.0043611,0.147558,0.105947,-0.0054369,0.165962,0.00642928,0.0851669,-0.00391838,0.241124,0.786023,0.0230755,0.0505754,0.432094,0.0060533,0.186941,-0.0175711,-0.00807695,-0.0628347,-0.0616864,-0.176041,
-0.0815801,0.132126,0.243794,0.156,0.131515,-0.539897,-0.29694,0.213478,0.248566,-0.370723,0.104871,0.0173857,0.0930518,-0.216062,0.165871,-0.0952813,0.102238,0.0135217,-0.514539,0.136828,-0.00542451,-0.510857,0.114437,0.0068747,0.195478,0.164658,0.181975,-0.338482,6.83803e-05,0.260058,-0.0256962,-0.739028,0.14417,-0.120075,0.123638,-0.00643831,-0.138127,0.0742349,-0.973681,0.424048,0.0533049,0.0293978,0.304278,0.0398732,0.156691,-0.396717,-0.339751,0.242032,0.330434,-0.339388,
0.0565235,0.247388,0.299913,0.223681,0.0762602,-0.833754,-0.151961,0.249364,0.233858,-0.667101,0.229182,0.541086,0.288836,-0.275708,0.244272,0.0615931,0.0688863,0.176105,-0.487402,0.269121,0.141956,-0.247096,0.0779836,0.0957457,0.55868,0.294381,0.135367,-0.372885,0.122638,0.379684,0.0556988,-0.939008,0.268541,-0.264536,0.112654,0.0559018,-0.162553,0.608344,-1.19512,0.415126,0.228296,0.119004,0.306253,0.13422,0.122327,-0.262471,-0.224361,0.4736,0.543579,0.0488375,
0.0377991,0.262395,0.230088,0.145482,0.273945,-0.247422,-0.106799,0.124511,0.112374,-0.215422,0.19472,0.164661,0.0711689,-0.17641,0.0609492,-0.0519293,0.0679769,0.0453406,-0.273743,0.108137,-0.00530976,-0.233013,0.046508,-0.0225945,0.129005,0.169855,0.207193,-0.178682,0.152202,0.147968,-0.0369462,-0.227651,0.122606,-0.121725,0.108079,0.0380459,-0.0374965,0.147597,-0.211304,0.255864,0.203082,0.057961,0.253226,-0.00295525,0.0246691,-0.175688,-0.170902,-0.00174311,-0.0255141,0.0245572,
0.33475,-0.188612,-0.287902,0.0434224,-0.659775,-0.423408,0.164578,0.388945,0.477413,-0.401168,-0.0794737,-0.0112823,0.196613,-0.261111,0.136619,0.0788838,-0.192338,0.163851,-0.284001,0.0701965,-0.0318467,0.077049,0.0493648,0.382981,0.11547,-0.207875,-0.444796,-0.238308,-0.214554,0.455251,0.0313709,-0.366854,-0.0291464,-0.207934,-0.209205,0.212218,-0.271361,0.189493,-0.253053,0.508551,0.0186834,-0.0993435,0.541263,0.216834,0.335926,-0.181317,-0.00491883,-0.079469,-0.134445,-0.764627,
0.0311582,0.216686,0.154926,0.108132,0.0441688,-0.455136,-0.0653196,0.467668,0.524266,-0.387813,0.219307,0.231254,0.120546,-0.180904,0.171571,-0.0487175,0.08484,0.0579345,-0.275366,0.195107,0.0554343,-0.106383,0.0978007,0.275927,0.237598,0.141357,0.138422,-0.238354,0.144103,0.599,0.0193995,-0.564082,0.204701,-0.189108,0.0759236,-0.0298085,-0.0534939,0.29247,-0.532434,0.873427,0.222741,0.122619,0.644874,0.0853847,0.409178,-0.158598,-0.106608,0.164561,0.200701,0.0977293,
-0.450574,0.700667,0.881619,0.220689,1.17887,-0.0713155,-0.377545,-0.137945,-0.0893586,-0.0678767,0.544869,0.565255,-0.20597,0.0103407,-0.0574916,-0.175358,0.398889,-0.187767,0.00704297,0.246969,0.0987833,-0.306589,-0.0652468,-0.46764,-0.0063688,0.725837,0.829934,-0.182339,0.600796,-0.0629646,-0.174861,-0.00833448,0.35975,-0.0595163,0.571553,-0.436334,0.422418,0.14043,0.217513,-0.0950941,0.367347,0.2748,0.0525855,-0.192968,-0.300801,0.0466727,-0.271402,-0.0345432,-0.0750676,1.21569,
0.220371,-0.172472,-0.198224,0.00298071,-0.0599721,0.0838825,0.187073,0.366774,0.388418,0.00813608,-0.0507178,-0.14493,0.0142513,-0.00103783,0.022352,0.0703281,-0.0282172,0.0366119,0.0625916,-0.101519,-0.0403736,0.128638,0.0514964,0.256003,-0.0970236,-0.0904733,-0.159632,0.0390194,-0.0471663,0.508146,0.0550265,0.156178,-0.0438521,-0.0315115,-0.0829479,0.13377,-0.0642793,-0.100492,0.210731,0.468153,-0.0659368,-0.0427466,0.482761,0.109206,0.344208,0.00220859,0.130326,-0.0839786,-0.134164,-0.0756072,
0.221989,-0.19199,-0.201787,-0.000253617,-0.299556,-0.14129,0.150649,0.377278,0.407175,-0.135594,-0.133374,-0.126709,0.187126,-0.0851944,0.0379,0.108909,-0.116027,0.0549516,-0.153601,-0.0515508,-0.0197909,0.0533878,0.021409,0.218902,-0.159465,-0.137675,-0.223673,-0.0900609,-0.125507,0.466182,0.119269,-0.0341833,-0.0126546,-0.0844833,-0.16404,0.245354,-0.175316,-0.0539373,0.180319,0.734353,-0.0442945,-0.0880094,0.411458,0.16492,0.286227,-0.142611,0.0367619,-0.202252,-0.240919,-0.224207,
-0.119706,0.402432,0.39974,0.0955091,0.654025,-0.0456201,-0.152655,0.18383,0.142811,-0.118136,0.334499,0.317631,-0.0900032,-0.0353917,-0.0304492,-0.0173019,0.174686,-0.0736062,-0.00640782,0.106454,0.0369092,-0.0768591,0.0036228,-0.0823878,-0.106514,0.415085,0.481934,-0.174679,0.307463,0.239089,-0.0798021,0.005492,0.161556,0.0274814,0.247982,-0.0919933,0.231592,0.0518824,0.318225,0.196397,0.257805,0.184391,0.29925,-0.0550694,0.0342646,0.00873761,-0.13203,-0.126696,-0.134358,0.757624,
0.158006,-0.0835372,-0.158648,-0.00805624,-0.248716,0.0309731,0.137408,0.387105,0.441472,-0.0821478,-0.111752,-0.223334,0.0870306,-0.0280193,-0.00227413,0.0790218,-0.0261065,0.0663246,-0.101173,0.0368654,0.00242,0.0838083,0.0843143,0.287537,-0.207531,-0.175089,-0.140481,0.0264798,-0.150562,0.558024,0.119987,0.174655,0.0246086,-0.0236952,-0.0642894,0.219092,-0.154294,-0.102228,0.692957,0.517373,-0.0434047,-0.0927252,0.41599,0.120736,0.431346,-0.145475,0.100772,-0.244153,-0.230058,-0.17889,
0.123671,0.0366375,0.000257291,0.0474137,-0.201777,-0.278556,-0.00978516,0.366047,0.451096,-0.219101,0.0758476,0.0353898,0.023361,-0.114751,0.120644,0.042854,0.03912,0.0914255,-0.219863,0.119785,0.00270319,-0.0349641,0.0709658,0.225597,0.0397116,0.00151033,-0.00400987,-0.186626,0.0278865,0.481445,-0.0329799,-0.162251,0.110222,-0.128077,-0.032217,0.133212,-0.0824025,0.0920755,-0.0764277,0.675817,0.0402774,0.00350133,0.529476,0.0320548,0.329528,-0.088366,-0.11162,-0.0272638,-0.0604717,-0.55393,
0.209897,-0.0676576,-0.0586583,0.0558013,-0.204665,-0.00350617,0.201409,0.641013,0.744762,-0.140236,-0.00148674,0.104728,0.0876374,-0.12031,0.042291,0.0815169,-0.0701016,0.0629302,-0.036343,0.0561655,0.00334794,0.199369,0.0612756,0.287257,-0.0463549,-0.08836,-0.0844263,-0.0781123,0.0205129,0.820619,0.0240032,0.152843,0.0120867,-0.0730465,-0.0104011,0.193409,-0.0065198,0.0612558,0.470603,0.982028,0.0554067,0.00288121,0.778985,0.0748645,0.411872,-0.00247634,0.161988,-0.0295941,-0.0456654,-0.203307,
-0.0584643,0.213583,0.237425,0.0817067,0.366851,0.0603569,-0.0581178,0.123781,0.156868,-0.0463405,0.111955,0.123632,0.0157587,0.0407055,0.0220542,-0.000125098,0.178214,0.0325403,-0.0936092,0.0705586,0.0119439,-0.166542,0.0155687,-0.0410933,-0.116112,0.19262,0.225306,-0.0609926,0.170593,0.163023,-0.0166791,0.165259,0.148411,-0.0362409,0.188227,-0.00846861,0.0557102,-0.0533363,0.485376,0.28625,0.0936583,0.0863663,0.119157,-0.0217325,0.145458,-0.019411,-0.0776265,-0.18413,-0.166319,0.533915,
0.228318,-0.215336,-0.308516,-0.0893087,-0.0828162,0.274472,0.327493,0.590539,0.689893,0.184395,-0.156662,-0.166867,0.074501,0.0507624,-0.012884,0.156518,-0.0193047,0.028188,0.171509,-0.0449175,0.0283435,0.260784,-0.0128776,0.314205,-0.27657,-0.193431,-0.19843,0.20212,-0.0957838,0.764537,0.117826,0.54555,-0.0645192,0.0565691,-0.102846,0.206973,0.00512274,-0.127228,1.05495,0.9506,-0.0776814,-0.0403576,0.698135,0.107048,0.554826,0.12617,0.235563,-0.308552,-0.367677,0.195018,
-0.156483,0.260143,0.28007,0.0667898,0.411625,-0.368305,-0.194687,0.0796679,0.226987,-0.277351,0.23701,0.125705,0.00397377,-0.169305,0.0395422,-0.0627321,0.0891327,-0.0149048,-0.228087,0.053727,0.0240915,-0.301388,-0.0161942,-0.245515,0.00667992,0.269429,0.255801,-0.220938,0.109092,0.190137,-0.11755,-0.362195,0.13721,-0.226739,0.22551,-0.129072,0.0243099,0.11793,-0.374575,0.483205,0.134617,0.0561361,0.30171,-0.0542042,-0.0594963,-0.173757,-0.165721,-0.089598,-0.123204,0.449075,
-0.049483,0.180443,0.119263,0.091088,0.445969,-0.00192116,-0.0777066,0.258824,0.352084,-0.067927,0.0913274,-0.00713515,0.00178065,-0.082604,-0.0255356,-0.0605321,0.0551198,0.0170781,-0.0333706,0.0652637,0.0587006,-0.00548605,0.0267605,0.0502321,-0.240385,0.115931,0.184558,-0.0550722,0.0796296,0.460659,0.00726817,0.187153,0.0591205,-0.0756255,0.194398,-0.0461376,0.0376135,-0.0427845,0.460297,0.617953,0.127232,0.116982,0.40292,-0.0445812,0.13548,-0.0649226,-0.0766135,-0.225735,-0.239077,0.35101,
0.128431,-0.0243149,-0.0188586,0.136073,-0.210436,-0.377601,0.00653323,0.216837,0.286254,-0.392498,0.060948,0.136159,0.221884,-0.254789,0.170424,0.117637,-0.0467295,0.149733,-0.317562,0.155672,0.0612815,-0.120719,0.147837,0.0383522,-0.0182069,-0.0303499,-0.159723,-0.246098,-0.0892626,0.260316,0.117346,-0.216323,0.114421,-0.133289,0.0273563,0.0862343,-0.124702,0.171832,0.200506,0.265066,0.125738,0.020476,0.265995,0.223339,0.140105,-0.207118,-0.0457276,-0.0514957,0.0120744,0.048144,
-0.0640468,0.406525,0.429217,0.195482,0.422201,-0.232341,-0.11207,0.0722886,0.0749617,-0.22198,0.316714,0.565662,0.0436293,-0.146889,0.0946993,-0.0915085,0.0969104,-0.0238676,-0.0387921,0.24431,0.0840152,-0.0763432,0.0403712,-0.133926,0.225906,0.369552,0.323178,-0.203591,0.323858,0.156774,-0.111506,-0.109003,0.286885,-0.104712,0.250935,-0.110276,0.106445,0.332626,-0.123104,0.142237,0.27697,0.220488,0.176717,-0.0203377,-0.109056,0.00272167,-0.0767581,0.232174,0.231543,0.461563,
0.248702,-0.148138,-0.207788,0.0085984,-0.209117,-0.287004,0.191052,0.32028,0.332537,-0.185515,-0.0450812,-0.00568064,0.219152,-0.132621,0.0597113,0.119251,-0.130932,0.147934,-0.0501368,0.0606562,0.0120844,0.187777,0.073577,0.186312,0.222731,-0.104091,-0.267355,-0.0885794,-0.0434306,0.389517,0.0913799,-0.414498,-0.00207301,-0.102635,-0.0577639,0.163307,-0.148986,0.123421,-0.465055,0.619617,0.0409644,-0.0266578,0.439067,0.143268,0.186689,-0.0101992,0.0644398,0.143651,0.162932,0.195972,
-0.0590604,0.112132,0.0963306,0.083396,0.117291,-0.25553,-0.148884,0.28041,0.395417,-0.306165,0.169975,0.137875,0.0663262,-0.210155,0.0626175,-0.00023539,0.104296,0.0026347,-0.296633,0.134091,0.0275529,-0.293032,0.0335239,-0.0162104,0.145779,0.166079,0.168165,-0.276006,0.0594167,0.391351,-0.0525546,-0.237209,0.206321,-0.13123,0.137821,-0.0840515,-0.0810097,0.130265,-0.0120434,0.756562,0.163167,0.0804642,0.423609,0.0103038,0.148504,-0.167271,-0.200727,0.134933,0.214048,-0.106639,
0.2304,-0.115402,-0.164066,-0.0431957,-0.178777,-0.0824087,0.0976308,0.567722,0.683168,-0.110836,-0.0531765,-0.0942315,0.115319,-0.0953268,0.0424824,0.100365,-0.099987,0.0694278,-0.0208806,0.0343252,-0.0356174,0.0719703,-0.00216943,0.279943,0.0289658,-0.104271,-0.15315,-0.0826929,-0.112364,0.765767,-0.000619097,-0.0256388,-0.0373855,-0.0268834,-0.0450863,0.199836,-0.083383,0.0369477,0.0368779,1.14091,-0.086722,-0.0827528,0.760049,0.0789489,0.519527,-0.0203148,0.0896078,0.0054249,0.0604894,-0.349148,
0.0929953,0.0845597,0.0542744,0.172976,-0.135869,-0.480696,0.0168236,0.366279,0.487772,-0.370608,0.144658,0.229044,0.107301,-0.172255,0.175642,-0.00147531,-0.0332867,0.0382133,-0.2218,0.214983,0.033059,-0.112903,0.0680915,0.220233,0.378464,0.123092,0.0059057,-0.22028,-0.0308482,0.495362,-0.0253856,-0.532474,0.109189,-0.122389,-0.0225519,0.0255351,-0.0999037,0.30657,-0.675016,0.524222,0.16096,-0.00803479,0.518073,0.152488,0.262744,-0.160178,-0.109472,0.322295,0.319675,-0.155601,
0.214284,-0.0681972,-0.17133,0.0673387,-0.361537,-0.0629635,0.0815225,0.367678,0.45136,-0.0689569,-0.0245594,-0.0117673,0.168897,-0.11978,0.0909139,0.0572049,-0.10306,0.101097,-0.112345,0.039362,0.0424375,0.0713328,0.057651,0.21621,0.131857,-0.0403846,-0.164381,-0.00417183,-0.0764274,0.518798,0.108345,-0.085833,0.0836951,-0.0904087,-0.018271,0.173671,-0.103929,0.137106,-0.273898,0.50774,0.00717402,0.00142637,0.496235,0.1326,0.332052,-0.121831,0.0884577,0.0680728,0.143875,-0.404831,
-0.0525262,-0.012034,-0.0325486,-0.120454,0.525735,0.901319,0.30306,0.336812,0.385504,0.680348,0.0174632,-0.147075,-0.182468,0.380051,-0.14179,0.0114643,0.150754,-0.0281531,0.562266,-0.160748,-0.00792772,0.350549,0.0335075,0.111815,-0.373171,0.0390901,0.2276,0.416826,0.111682,0.3793,0.0391818,1.13615,-0.0336284,0.303028,0.102937,0.0744168,0.261396,-0.418456,1.23709,0.648668,-0.0539073,0.140418,0.342353,-0.161201,0.2987,0.377027,0.252998,-0.234098,-0.284982,0.48077,
0.148382,-0.247858,-0.363066,-0.175918,0.218287,1.22204,0.478911,0.63168,0.743077,0.813784,-0.196309,-0.515514,-0.138999,0.375427,-0.176936,0.189808,0.105625,0.00663367,0.666948,-0.253261,-0.0333527,0.476679,0.000553598,0.370649,-0.691689,-0.246605,-0.092801,0.590578,-0.0380966,0.869851,0.0923439,1.64525,-0.223177,0.30985,-0.0832426,0.168333,0.162862,-0.558727,2.25311,1.26591,-0.18963,0.0500902,0.6101,-0.0983315,0.649996,0.419428,0.419141,-0.465648,-0.568237,0.471404,
-0.0177049,-0.0830795,-0.0803849,-0.0795841,0.388491,0.523736,0.0962695,0.251938,0.309806,0.332461,-0.106127,-0.306507,-0.0800026,0.241736,-0.0655261,0.0293573,0.109048,-0.0243926,0.210774,-0.172966,-0.0357649,0.0382835,0.0697466,0.108531,-0.37459,-0.0921104,0.0734429,0.245074,-0.0134124,0.282496,0.116009,0.717929,-0.0727384,0.151383,0.0177018,0.0801688,0.16278,-0.33175,1.1201,0.641944,-0.179983,0.0474086,0.135336,-0.0683744,0.291279,0.0691766,0.0961091,-0.224208,-0.195291,0.177604,
-0.226152,0.507709,0.523686,0.155521,1.11931,0.192152,-0.238686,-0.0343149,0.0650542,0.0938515,0.331559,0.139859,-0.0752909,0.0658552,0.0210503,-0.118649,0.356114,-0.124151,-0.10444,0.0596151,0.0907463,-0.269591,0.0681939,-0.245556,-0.197133,0.423883,0.727138,-0.0141797,0.386381,0.158,-0.0458971,0.347234,0.205205,0.071168,0.376396,-0.167723,0.262766,-0.0392709,0.668439,-0.0220394,0.210526,0.193502,-0.0180786,-0.135517,-0.122363,-0.0423866,-0.192842,-0.135506,-0.200538,0.69089,
-0.187557,0.314506,0.36797,0.0291429,0.979897,0.498173,-0.0701407,0.15782,0.165099,0.402843,0.234216,0.157171,-0.179756,0.280746,-0.140961,-0.0642923,0.291727,-0.0908578,0.285869,-0.0525244,0.055217,-0.0316288,-0.050749,-0.198961,-0.251883,0.341333,0.552803,0.138275,0.442856,0.204163,-0.0403079,0.675768,0.0397365,0.186986,0.314866,-0.186219,0.398881,-0.14001,0.972233,0.178858,0.106801,0.244309,0.245665,-0.22388,-0.0194047,0.285467,-0.0340192,-0.11879,-0.131574,0.815429,
0.150309,-0.0891526,-0.15094,-0.0127184,0.0402238,0.21376,0.157497,0.254074,0.255262,0.0542197,-0.0661547,-0.0353203,0.0731568,0.00917767,0.0649104,0.0620176,0.0265547,0.0947941,-0.0186939,-0.0455887,0.0461161,0.0808499,0.0690483,0.209626,-0.056804,-0.0528471,0.00173323,0.0304132,-0.0740987,0.362053,0.0748609,0.31181,0.0353076,0.059328,-0.00986698,0.116439,-0.0126534,-0.105488,0.371475,0.367009,-0.00227238,-0.00468403,0.216843,0.0632348,0.264191,-0.0518045,0.0639638,-0.00456256,-0.0389828,-0.185177,
-0.0171659,0.249399,0.207625,0.116531,0.375594,0.0271,0.00700675,0.174592,0.220479,-0.0945587,0.189467,0.252056,-0.00353163,-0.0263799,0.0555942,-0.0418405,0.0696813,0.0164652,-0.0872163,0.123204,0.0336689,0.0259819,0.0182503,0.0128582,0.07449,0.182536,0.245975,-0.0670755,0.127494,0.32016,-0.00105232,0.19819,0.192615,-0.0399584,0.118661,-0.019174,0.0129638,0.181463,0.277483,0.249532,0.189038,0.130593,0.31898,0.00865265,-0.00728626,-0.0261416,-0.0280116,0.0647073,0.0691579,-0.00675915,
0.242701,-0.104162,-0.201976,0.034565,-0.13136,0.0315264,0.292315,0.634141,0.780877,0.0371543,-0.0424733,0.0227921,0.0860553,-0.0508709,0.037816,0.0587828,-0.0993666,0.0920448,0.00836991,0.0779161,0.00654611,0.220188,0.0513678,0.413593,0.100683,-0.112739,-0.246713,-0.0462345,-0.0612004,0.946498,0.058824,0.193035,0.0168023,-0.0659564,-0.134212,0.122151,-0.104172,0.0574736,0.45009,1.50863,0.0455351,-0.0380421,0.693395,0.0947788,0.614015,0.00762925,0.138263,0.21935,0.194062,-0.205482,
0.411048,-0.0937448,-0.097599,0.149449,-0.600543,-0.819603,0.118285,0.676566,0.755203,-0.71771,0.112565,0.288233,0.45881,-0.430372,0.293742,0.105775,-0.228526,0.259259,-0.53407,0.269727,0.0770755,-0.141339,0.126147,0.468678,0.440056,-0.0419442,-0.330843,-0.477335,-0.15169,0.844606,0.0445022,-0.909575,0.197966,-0.385943,-0.0782029,0.319761,-0.339773,0.488728,-0.939714,1.14967,0.183026,-0.0457131,1.07092,0.379275,0.483905,-0.305716,-0.0867907,0.3646,0.414048,-0.656154,
0.222136,0.0556859,0.0241823,0.0900324,0.157853,-0.423447,-0.0599672,-0.0540793,-0.0673303,-0.334119,0.075214,0.247762,0.299328,-0.141185,0.101221,0.0750715,-0.0101297,0.168738,-0.242082,0.141661,0.0375188,-0.104386,-0.00484052,0.0630954,0.150412,0.0831284,0.0228278,-0.247389,-0.00221032,-0.0211934,0.0924588,-0.37452,0.10052,-0.110201,0.0035545,0.222702,-0.0343109,0.223634,-0.334313,-0.384132,0.159667,0.0018519,-0.0471504,0.255504,-0.0248385,-0.12917,-0.0295092,0.184311,0.164386,-0.253187,
-0.0267748,0.151007,0.0965018,-0.0327308,0.317151,0.222063,-0.0145596,0.258742,0.296927,0.172906,0.0299212,-0.20389,-0.0679701,0.118535,-0.0466913,0.0461736,0.190943,-0.0410843,0.120398,-0.0713294,0.050052,-0.032738,0.00571971,-0.02559,-0.0323856,0.10943,0.177421,0.0407767,0.0920103,0.277889,-0.0206124,0.457897,-0.0188408,0.0519072,0.0945802,0.00476439,0.133741,-0.235267,0.641724,0.391999,-0.0094856,0.0966332,0.497012,-0.113208,0.203433,0.000488292,-0.0610299,0.170852,0.183082,0.386698,
0.12094,-0.190764,-0.239568,-0.0215293,-0.156808,0.207456,0.31329,0.254147,0.223797,0.0527736,-0.10382,-0.231103,0.0250189,0.0464199,-0.0674999,0.126794,-0.00699691,0.0274432,0.309983,-0.0698915,0.000648974,0.356596,0.0119211,0.28275,-0.101559,-0.250391,-0.112453,0.229684,-0.0446225,0.328711,0.139572,0.540118,-0.077395,0.04668,-0.0583957,0.209108,-0.0846656,-0.173788,0.806007,0.0605466,-0.0262525,-0.0635944,0.391686,0.0485636,0.233086,0.219822,0.31252,0.0542529,0.0873519,0.52072,
0.251622,0.00772114,0.224004,-0.058003,-0.814106,-0.722718,0.313292,-0.0643373,-0.226486,0.0811784,0.147886,0.452329,-0.0379918,0.161785,-0.12761,-0.0197594,-0.127162,-0.0531642,0.536195,0.00971807,-0.0403051,0.447582,-0.156979,0.199978,0.850838,0.151423,-0.292516,0.308609,0.306354,-0.312723,-0.0713857,-1.52213,-0.0472456,0.0460173,0.0371929,-0.0606293,0.2715,0.358533,-2.35273,1.20744,0.203391,0.0312143,0.340775,-0.0246185,-0.0204917,0.538306,0.391634,0.936862,0.988375,-0.0853554,
-0.0347873,-0.421146,-0.402716,-0.468069,-0.172941,-0.643017,0.678904,-0.104564,-0.0874383,-0.0212834,-0.416529,-0.217142,-0.336437,0.176032,-0.37367,-0.0683785,-0.173537,-0.226453,1.22322,-0.502627,-0.243574,1.0039,-0.327881,-0.114295,0.939331,-0.460057,-0.314082,0.288374,-0.1711,-0.156628,-0.104396,-1.3764,-0.502607,0.0623712,-0.314538,-0.0677067,0.137099,-0.0404395,-2.44631,-1.42835,-0.395732,-0.170797,-0.597734,-0.279827,-0.0310416,0.868515,0.633628,2.11821,2.39011,-0.71451,
-0.528143,0.0503223,0.247341,0.0671381,-1.35803,-0.593375,-0.407877,-0.0578044,-0.264335,-0.280307,0.0128036,0.131324,-0.101461,-0.0201329,0.0145621,-0.0254258,-0.0571936,-0.0330646,0.0382841,-0.0237906,-0.0345562,-0.192276,0.0488979,-0.493692,0.440344,0.135551,-0.501604,-0.140281,0.0821202,-0.407717,0.0227659,-0.487771,0.00343595,-0.117289,-0.00121009,-0.240106,0.0312269,0.128728,-0.750226,-1.38384,0.0291906,-0.0306737,1.06614,-0.156871,-0.343855,-0.0718723,-0.219024,0.356047,0.167784,0.00385497,
-0.205877,0.183303,0.308634,0.0295671,0.520767,-0.29588,0.134594,0.199522,0.204204,0.301387,0.163867,0.266658,-0.182164,0.289858,0.0161805,-0.0781123,0.122643,-0.100278,0.37339,0.0411901,0.0503293,0.225253,0.0328047,-0.0797094,0.86684,0.240883,0.173703,0.216726,0.301953,0.0871817,-0.0421682,-0.770397,0.117578,0.127768,0.150047,-0.17049,0.263242,0.310944,-1.07084,-1.21513,0.0610605,0.156316,0.680243,-0.148567,-0.0926602,0.378849,0.140727,1.315,1.46947,0.249687,
-0.320499,0.573165,0.671994,0.222132,1.16303,-0.491457,-0.473048,0.243087,0.367671,-0.330949,0.380029,0.0825637,-0.124435,0.0266639,0.0069937,-0.118651,0.356859,-0.0583021,-0.405309,0.101641,0.0668597,-0.501914,0.0444743,-0.22051,0.198621,0.509602,0.815527,-0.282287,0.356078,0.431794,-0.0691176,-0.467977,0.319121,-0.0529158,0.444261,-0.253542,0.203198,0.0492268,-0.521346,0.346773,0.171778,0.272164,0.410365,-0.165552,0.0236519,-0.209911,-0.350387,0.170616,0.0791103,0.786476,
0.245551,0.0588045,-0.0247073,0.105643,-0.0928534,0.00503471,0.176459,0.354636,0.348112,0.0329708,0.0035121,-0.0637637,0.212262,0.087141,0.114617,0.102596,-0.0105142,0.108638,-0.0342561,0.070164,0.0931891,0.00794268,0.150515,0.212667,0.210078,0.0435649,-0.0808845,0.0323012,0.0457141,0.352989,0.155618,-0.00596706,0.0825226,-0.028482,0.048185,0.250746,-0.0106878,0.0226687,-0.314133,0.436694,0.0505029,-0.00305051,0.387578,0.123163,0.322525,-0.0191404,0.0441228,0.44184,0.48268,-0.695469,
0.531614,-0.290504,-0.46176,0.0786993,-0.578399,-0.373843,0.426804,0.636188,0.761302,-0.293646,-0.0409953,0.293693,0.38883,-0.208571,0.24982,0.231082,-0.279112,0.233103,-0.108929,0.223881,0.0642373,0.221983,0.091007,0.540607,0.430996,-0.344164,-0.597513,-0.165244,-0.27812,0.923646,0.12545,-0.388686,0.0624312,-0.173276,-0.25717,0.416903,-0.321888,0.448014,-0.333404,0.854908,0.0655711,-0.175414,0.805485,0.387145,0.640329,-0.04993,0.183863,0.465124,0.492911,-0.988211,
0.603895,-0.533519,-0.668135,-0.0526184,-0.828959,-0.066431,0.650808,0.876235,0.983769,-0.123267,-0.267101,-0.0596008,0.331249,-0.189152,0.109357,0.295009,-0.374046,0.24185,0.110254,0.0609779,0.0479338,0.479703,0.0347718,0.712381,-0.032322,-0.515065,-0.688181,0.0217594,-0.432508,1.047,0.255364,0.204587,-0.123634,-0.11218,-0.372638,0.564026,-0.30564,0.0431319,0.677215,1.2855,-0.0603362,-0.241649,0.865714,0.316902,0.82965,0.0531815,0.436347,0.0953611,0.114321,-0.839181,
0.621841,-0.426616,-0.58458,0.0318269,-0.807549,-0.205325,0.503185,1.08439,1.34238,-0.216289,-0.22889,-0.0466023,0.351382,-0.182942,0.155951,0.27139,-0.245298,0.26671,-0.0475018,0.0471887,-0.0125612,0.350005,0.121059,0.785912,0.214983,-0.395077,-0.615334,-0.0179172,-0.406037,1.48453,0.223275,-0.113615,-0.129386,-0.164863,-0.34744,0.462832,-0.298851,0.168939,0.450322,2.04344,-0.0357418,-0.176783,1.33826,0.364629,1.05033,-0.0850713,0.289797,0.276858,0.160018,-0.464652,
0.032486,0.0594557,0.0477624,-0.0358284,0.379705,0.56306,0.134903,0.260612,0.293146,0.405215,0.0552635,0.00210146,-0.0512717,0.157382,-0.101925,0.111819,0.130781,0.00951507,0.244827,-0.106736,0.0662646,0.119396,0.0350866,0.122472,-0.22375,-0.009304,0.152104,0.287705,0.0927526,0.343348,0.0600464,0.66724,0.0145173,0.120405,0.121244,0.0338984,0.188007,-0.177548,0.866339,0.4674,-0.0350109,0.0824708,0.272749,-0.0346943,0.206578,0.144956,0.125458,-0.112359,-0.136696,0.645061,
-0.214065,0.278411,0.350222,0.012222,0.751385,0.551328,-0.0398481,-0.0647404,-0.105436,0.390814,0.287406,0.232379,-0.122514,0.177923,-0.110627,0.00227547,0.27873,-0.054931,0.231614,-0.0271849,0.0577108,-0.0596954,0.0177731,-0.209578,-0.21896,0.298668,0.504998,0.131118,0.348934,-0.170925,0.02055,0.758877,0.149797,0.214094,0.287077,-0.0670101,0.329735,-0.0471864,0.977484,-0.166616,0.134619,0.215312,-0.12078,-0.111001,-0.0838779,0.111476,-0.00980196,-0.0813772,-0.0762673,0.98942,
0.0750348,0.0129487,0.0207742,-0.00951082,0.319642,0.549233,0.252268,0.336734,0.41751,0.426116,-0.0193405,-0.107898,-0.103665,0.304579,-0.0568433,0.0918743,0.167491,-0.0709484,0.476997,-0.0605367,0.0337599,0.32429,0.0301361,0.197378,-0.231242,0.0457609,0.139743,0.34425,0.161249,0.399449,0.0949869,0.593159,-0.0649915,0.205638,0.108395,-0.0038796,0.204778,-0.255995,0.731181,0.513195,-0.00208414,0.143364,0.520921,-0.0315826,0.317487,0.330391,0.167873,-0.249043,-0.189084,0.392447,
0.131754,-0.000851549,0.0306171,-0.0247646,0.228137,0.579689,0.187157,0.361696,0.374175,0.424858,0.0605628,-0.070072,0.00347336,0.264903,-0.0506889,0.134449,0.129152,0.0481419,0.336284,-0.0788302,0.0719062,0.253435,0.0309547,0.208206,-0.187379,0.0303487,0.0877518,0.282738,0.0506179,0.448869,0.072073,0.61944,-0.0338224,0.162728,0.0435215,0.120733,0.10448,-0.120351,0.826618,0.278363,-0.00637542,0.0554331,0.451242,0.0344042,0.319969,0.219335,0.186046,-0.135137,-0.119985,0.384471,
0.175086,-0.0802873,-0.0902147,-0.0139182,0.0874198,0.278947,0.195336,0.514015,0.500325,0.330621,-0.0223704,-0.0738445,-0.0225099,0.128339,-0.024506,0.0700904,0.0406993,0.0258957,0.308988,0.00606934,0.0733238,0.280703,0.058155,0.212578,-0.0672599,-0.124137,-0.0358522,0.158685,-0.00131054,0.615732,0.032808,0.363387,-0.0336644,0.119571,-0.0594382,0.132794,0.087648,-0.0698255,0.410857,0.553976,-0.0425485,-0.00958126,0.590411,0.0130673,0.358704,0.199256,0.155821,-0.0595344,-0.144234,0.178298,
0.285787,-0.219629,-0.308482,-0.0864247,0.0436796,0.609764,0.370896,0.395227,0.485619,0.484615,-0.206007,-0.303678,0.0331065,0.287802,-0.0839885,0.20796,0.0228993,0.0160593,0.428761,-0.171601,-0.0318752,0.386186,0.0118408,0.327106,-0.223442,-0.246154,-0.13906,0.380302,-0.0759406,0.533374,0.147318,0.662996,-0.167603,0.1976,-0.0479998,0.291295,0.125418,-0.339937,0.956281,0.661522,-0.102646,-0.0442333,0.392175,0.0593856,0.4743,0.29996,0.357908,-0.178333,-0.279628,0.031579,
0.0338164,0.0485506,0.0693136,-0.0408433,0.533701,0.749973,0.168575,0.291873,0.333148,0.654194,0.0776157,-0.0299771,-0.136516,0.315516,-0.159558,0.0476309,0.183115,-0.0401012,0.534098,-0.081879,0.0763102,0.249011,0.0109261,0.0825275,-0.179741,0.115033,0.26615,0.425139,0.222365,0.331909,0.0408026,0.762773,0.0107497,0.220016,0.160165,0.030618,0.280273,-0.222714,0.591836,0.425618,0.00730146,0.0978159,0.449791,-0.135188,0.297096,0.347444,0.242032,-0.0293534,-0.0797291,0.588042,
0.22122,-0.207112,-0.239784,-0.105872,0.064709,0.718061,0.296892,0.41601,0.490764,0.528303,-0.208461,-0.216623,-0.0945556,0.322566,-0.160919,0.118713,0.0496514,0.0365732,0.489613,-0.155604,-0.000515488,0.330403,0.0620475,0.354389,-0.28084,-0.179193,-0.17025,0.428739,0.0144844,0.485255,0.15839,0.8055,-0.236153,0.179866,-0.0423413,0.24169,0.13404,-0.270813,0.957159,0.695618,-0.179336,-0.0121738,0.362868,0.0285172,0.529288,0.36419,0.26854,-0.128618,-0.196517,0.281793,
0.260357,-0.241498,-0.236143,-0.0186721,-0.377053,0.212322,0.285163,0.378484,0.457442,0.23133,-0.0853632,-0.0867803,0.0470929,0.125557,0.023108,0.0810474,-0.130928,0.111897,0.248025,-0.0563724,-0.0113318,0.257863,-0.00113927,0.371987,0.00715149,-0.258869,-0.311299,0.200014,-0.138064,0.472919,0.106947,0.236968,-0.0688776,0.0115824,-0.177486,0.190302,-0.0462679,-0.0826103,0.282322,0.562589,-0.0725251,-0.0865399,0.533397,0.0995302,0.451772,0.158017,0.199624,0.0424652,0.0342951,-0.10147,
-0.0473002,0.0667713,0.145598,0.122225,-0.110035,-0.287774,-0.137509,-0.0189253,-0.104487,-0.331545,0.151854,0.267307,0.100007,-0.223055,0.119846,-0.0392931,0.00338637,0.025571,-0.262709,0.165171,0.0559613,-0.200023,0.0235157,-0.0577455,0.0637451,0.0997105,0.0129936,-0.286034,0.0308642,-0.0887127,-0.026051,-0.19061,0.157014,-0.152688,0.00403861,0.00486513,-0.0490758,0.214221,0.169061,-0.059317,0.177747,0.00687532,0.00374605,0.0703631,-0.0785104,-0.12267,-0.161055,0.0641114,0.0565324,-0.169156,
0.246589,-0.143869,-0.222287,-0.0547679,-0.340013,0.0709506,0.203005,0.240663,0.28063,0.0288892,-0.144921,-0.100672,0.086696,0.0392917,-0.00803211,0.130384,-0.0268333,0.105686,0.0016312,-0.0270574,0.0390787,0.132049,0.0729931,0.232187,0.0662716,-0.172008,-0.262053,0.092886,-0.121111,0.264704,0.0936332,0.168683,-0.0371861,0.0327499,-0.136514,0.214017,-0.106397,0.0369069,0.0847049,0.786066,-0.0654455,-0.0485189,0.236285,0.155516,0.35825,0.0452695,0.11343,0.11298,0.147466,-0.42286,
-0.00461979,0.298647,0.261355,0.164534,0.184096,-0.632861,-0.235852,0.0838177,0.0919977,-0.546118,0.215986,0.253018,0.118493,-0.249633,0.17664,-0.0552377,0.077324,0.0659966,-0.43701,0.209064,0.0583004,-0.322618,0.0748737,-0.0241992,0.436601,0.238574,0.159417,-0.383565,0.0815053,0.104376,0.00229216,-0.79676,0.256766,-0.183117,0.188831,0.0369701,-0.113297,0.348195,-0.929897,0.170015,0.198592,0.110868,0.118029,0.0643647,0.00095852,-0.328903,-0.293991,0.379401,0.396425,-0.021181,
-0.0946818,0.0640185,0.105638,-0.0712446,0.442852,0.265562,-0.0626605,-0.0955232,-0.157032,0.329871,-0.0171634,-0.0990649,-0.0806888,0.172918,-0.0508622,0.0115467,0.141492,-0.08801,0.177468,-0.140722,0.0325345,-0.0616795,-0.00571664,-0.15922,0.0423657,0.0935909,0.217508,0.128097,0.193428,-0.104033,0.034394,0.192902,-0.0352887,0.121698,0.14719,-0.0542076,0.153663,-0.191579,-0.18783,-0.119645,-0.0272196,0.114542,-0.119861,-0.0395729,-0.102945,0.0883947,-0.0525125,0.162467,0.173581,0.0507278,
0.114342,-0.00166879,-0.0874125,0.050267,-0.218687,-0.14202,0.124571,0.240126,0.2965,-0.0357741,-0.00472023,0.000662916,0.121286,-0.0486249,0.0655875,0.0547194,-0.0120732,0.107169,-0.0630095,0.0649737,0.0388506,0.0755727,0.0559789,0.158886,0.368716,-0.0589822,-0.156352,-0.0441217,-0.00667152,0.279669,0.0686219,-0.28798,0.054822,-0.0530564,-0.0416496,0.180406,-0.0947935,0.138864,-0.554074,0.216875,0.0487848,-0.00534347,0.417696,0.134559,0.162062,-0.0717159,0.0624769,0.376373,0.392721,-0.194504,
0.566073,-0.514241,-0.678113,-0.102102,-0.849177,0.160293,0.559669,0.697449,0.723137,0.20174,-0.359367,-0.417044,0.19474,0.0525162,0.0577583,0.204591,-0.270904,0.209842,0.316546,-0.134188,-0.0549274,0.46122,0.0123856,0.672682,-0.0682437,-0.608114,-0.656862,0.246372,-0.392106,0.784617,0.157004,0.189677,-0.285532,0.0876385,-0.429401,0.437647,-0.151262,-0.184753,0.320016,0.860845,-0.241552,-0.157345,0.712026,0.235801,0.705041,0.123868,0.41947,-0.011855,-0.0304586,-0.734984,
-0.301063,0.502709,0.562628,0.130971,1.01754,0.182828,-0.167085,-0.179332,-0.231407,0.218991,0.40398,0.246944,-0.170673,0.132823,-0.0461311,-0.123857,0.2507,-0.076747,0.244295,0.0375229,0.0725077,-0.08926,-0.0760457,-0.418614,-0.0747381,0.48452,0.707052,0.00780932,0.482036,-0.219956,-0.112422,0.163325,0.186452,0.0808535,0.412779,-0.222986,0.431247,-0.00255773,0.456832,-0.413636,0.212121,0.210847,-0.102052,-0.112593,-0.382325,0.17726,-0.0523628,-0.111193,-0.123055,0.820452,
0.0324614,0.00791812,-0.0224692,-0.0245037,0.102778,0.131895,0.0822081,0.31354,0.413605,0.210244,-0.014583,-0.0529182,0.0576224,0.0607934,0.0173554,0.022109,0.047923,-0.0106877,0.239671,-0.0855439,0.00361778,0.119486,0.0213108,0.058643,-0.0750474,0.00317458,0.0109692,0.119566,0.111828,0.435683,0.0162133,0.15136,-0.0182836,0.0705567,0.0720661,0.083246,0.0789032,-0.179976,0.450041,0.467902,0.0476121,0.004475,0.527094,0.0725075,0.185893,0.22256,0.118251,0.0175937,-0.0997352,0.229002,
0.0814446,0.0543201,0.102379,0.0350732,-0.0325345,-0.181235,-0.0399243,0.122272,0.161181,-0.0729992,0.10064,0.0270723,0.12294,-0.0638301,0.0846274,0.0366024,0.0722589,0.110388,-0.232754,0.0699105,0.0423273,-0.19073,0.109202,0.0934551,0.00460768,0.101388,0.0762439,-0.0778017,0.0554914,0.12639,0.0532744,-0.275737,0.132177,-0.0736413,0.0783646,0.134329,-0.0181216,0.0257572,0.114782,0.267678,0.0515955,-0.00706233,0.0431721,0.095983,0.174382,-0.108769,-0.120252,0.0259543,-0.0704797,-0.0387129,
0.183885,-0.0792328,-0.145742,0.0115334,-0.127285,0.0391969,0.132022,0.384239,0.408783,0.0298655,-0.0377225,-0.021426,0.0409406,0.00505465,0.0922013,0.0353383,-0.00139367,0.0405669,0.0920881,0.05826,0.0264404,0.105282,0.00466823,0.24812,0.00170523,-0.0281655,-0.0995387,-0.0298554,-0.0326227,0.365234,0.0798527,0.204338,0.0533149,-0.0684368,-0.0123078,0.12865,-0.00843315,0.0460213,0.78466,0.614113,0.0767859,0.0374051,0.415175,0.0872538,0.300196,0.0529806,0.0774965,-0.0465468,0.00293479,0.0691779,
0.05419,0.229203,0.259416,0.164506,0.14418,-0.640183,-0.171447,0.134605,0.178532,-0.502375,0.215553,0.428894,0.117432,-0.224034,0.188445,-0.03564,-0.0144512,0.0923519,-0.426554,0.240514,0.0385237,-0.331384,0.00265591,-0.0274844,0.359291,0.259157,0.195651,-0.359812,0.106397,0.217815,-0.043,-0.704107,0.20586,-0.258275,0.173501,0.0754753,-0.107855,0.357867,-0.607667,0.165635,0.242866,0.0662433,0.254617,0.084375,0.0436199,-0.246854,-0.195656,0.265981,0.229394,-0.162488,
0.239097,-0.17369,-0.176699,-0.0131317,-0.117276,0.205511,0.234761,0.447964,0.555871,0.142422,-0.0988423,-0.240957,0.0282713,0.086138,0.0349496,0.129279,-0.0348839,0.04763,0.190765,-0.0332991,0.059915,0.137999,0.0160047,0.405664,-0.148263,-0.153694,-0.0838334,0.193759,-0.0265121,0.579063,0.103311,0.392669,-0.110365,0.0711317,-0.0725046,0.243823,-0.0154874,-0.213364,0.740535,0.825364,-0.0655642,-0.0183305,0.49758,0.0569551,0.491464,0.0798252,0.148606,-0.0915205,-0.166602,-0.175723,
0.255147,-0.0713539,-0.0538787,-0.0046383,-0.200666,0.046544,0.146501,0.193899,0.23811,0.0346974,0.000680608,0.0518338,0.0752239,-0.0510088,0.0402892,0.106222,-0.020023,0.0801104,0.0153173,0.0413335,-0.0164084,0.0957967,0.0478345,0.286129,-0.0495189,-0.0242156,-0.112527,0.0477174,-0.046881,0.284238,0.052018,0.189316,-0.0180253,0.0238786,-0.0869437,0.233979,-0.0461631,0.0303848,0.571647,0.366542,0.0203738,-0.0075865,0.140476,0.185057,0.255303,0.0383062,0.103874,-0.0150164,-0.0970218,-0.144443,
0.106558,0.0442569,-0.0152296,0.0187881,0.0127539,-0.156095,-0.021132,0.276394,0.292162,-0.0480843,0.100614,0.0990761,0.0925473,-0.0358875,0.0409029,0.0729761,-0.0424199,0.0262061,0.108291,0.0755998,0.0464871,0.0444091,0.0385802,0.0319162,0.140705,0.0581212,0.01556,-0.0290382,0.0828208,0.313107,0.0264508,-0.221917,0.0959942,-0.057491,0.00591926,0.0821086,0.0259889,0.000860937,-0.230593,0.368343,0.0700908,0.0251622,0.446012,0.0914112,0.0726392,0.0336415,0.0630321,0.0716628,0.0891146,0.0960279,
-0.346885,0.519185,0.59229,0.168953,1.16939,0.238439,-0.252777,-0.123774,-0.119514,0.193797,0.401185,0.340975,-0.107542,0.172671,-0.102948,-0.0685968,0.359683,-0.161829,0.192896,0.0558154,0.0422371,-0.150758,-0.0195296,-0.432528,-0.14409,0.585369,0.744555,0.053812,0.500663,-0.0950138,-0.104585,0.268903,0.241161,0.122165,0.436563,-0.229951,0.352623,-0.0699997,0.226276,-0.267924,0.32248,0.243486,-0.0523992,-0.212374,-0.28282,0.167278,-0.117843,-0.042168,-0.0574497,0.942886,
0.451414,-0.308607,-0.381352,-0.0412724,-0.672387,-0.259549,0.250182,0.473378,0.522716,-0.0997317,-0.167355,-0.0823913,0.175991,-0.0653935,0.10643,0.148901,-0.184845,0.117283,-0.0116089,0.0570857,0.00745499,0.117735,0.068864,0.551382,0.17284,-0.247352,-0.422402,0.0203898,-0.23625,0.576919,0.169562,-0.301042,-0.0769688,-0.0315494,-0.204486,0.364596,-0.200363,0.130939,-0.263345,0.617972,-0.0414142,-0.0634343,0.693986,0.250321,0.52871,-0.0223318,0.107473,0.219317,0.18261,-0.578264,
0.0848555,0.0945165,0.148724,0.0570235,0.101172,0.016948,0.112955,0.24647,0.277018,-0.00907333,0.171171,0.163416,0.068907,0.0225503,0.0406247,0.0500724,0.0965485,0.0813047,0.123861,0.0895576,0.0338587,0.139548,0.078443,0.0706229,0.1723,0.125614,0.0282501,0.0730421,0.203128,0.295449,0.0349565,0.0457362,0.104068,0.0303248,0.138164,0.0796837,0.143016,0.0649506,-0.409777,0.274586,0.143661,0.0624227,0.389647,0.0902205,0.143346,0.0708639,0.0348168,0.112086,0.0862791,-0.223549,
-0.0433342,0.288264,0.30046,0.096426,0.36546,-0.279071,-0.216147,-0.179392,-0.107076,-0.204477,0.264187,0.298952,0.0478681,-0.0696691,0.0561346,-0.00348031,0.0980426,0.0428446,-0.212711,0.146345,0.0219767,-0.150825,0.0545928,-0.137123,0.0740898,0.301666,0.293928,-0.189446,0.208429,-0.201222,-0.0114666,-0.37334,0.198036,-0.136909,0.210348,-0.0753593,0.0723421,0.183991,-0.0394122,-0.13653,0.192116,0.0807887,-0.102151,-0.0380083,-0.160139,-0.0812573,-0.152147,0.079206,0.067687,0.102003,
0.0567719,-0.0284264,-0.0169408,0.0743913,-0.0241255,-0.157918,0.107773,0.159951,0.181292,-0.0654858,0.0957196,-0.00721681,0.113593,-0.0718464,0.0364339,0.0459011,0.0390851,0.0673704,-0.0611456,0.0253928,0.0371235,0.05454,0.083367,0.109706,0.0618122,-0.0250978,-0.0417039,-0.0929086,-0.0233817,0.166014,0.0340324,-0.144651,0.0487237,-0.0756645,-0.0257186,0.160184,-0.0640267,-0.0329407,-0.179742,0.359804,0.0951775,-0.00610143,0.324846,0.0636583,0.139435,-0.0133306,0.00180117,0.0313866,-0.051433,-0.0760551,
0.217068,-0.141204,-0.159718,0.0146875,-0.402397,-0.029318,0.0833557,0.244228,0.232387,-0.0104928,-0.0594312,0.0451413,0.128038,-0.0742041,0.0324214,0.139341,-0.116527,0.148852,-0.0579218,0.0418467,-0.000305132,0.0933104,0.00814392,0.186682,0.211026,-0.144994,-0.259992,0.0315721,-0.161525,0.174282,0.0819506,-0.031553,-0.0100288,-0.0165765,-0.153657,0.171901,-0.0982644,0.0738108,-0.136974,0.538774,0.00679117,-0.0634564,0.207669,0.10649,0.182913,0.00391233,0.115997,0.185098,0.184223,-0.255717,
0.0228212,-0.00406035,8.86227e-05,0.0123473,0.0917093,0.242219,0.0630903,-0.00733013,0.00826479,0.0891102,0.0988118,0.0696464,-0.046257,0.0841716,-0.0015762,-0.0152673,0.00822752,0.0113318,0.149569,-0.050567,-0.0197259,0.109884,-0.0217013,0.0127758,-0.0793645,-0.00237171,0.00593231,0.0916087,0.140942,0.0375426,0.00861727,0.339915,-0.0373155,0.0447219,-0.00146152,0.034318,0.0642883,-0.0458164,0.141527,0.107989,0.0360503,0.0482423,0.073024,-0.046787,0.0369022,0.0856135,0.0839131,-0.0316682,-0.0536557,0.125416,
0.206229,-0.0714156,-0.129395,0.0371307,-0.307899,-0.223597,0.1266,0.239675,0.239127,-0.0591456,0.00372971,0.0362201,0.105538,-0.049202,0.108313,0.0965124,-0.0697917,0.0452568,0.0431801,0.0749171,-0.0212039,0.08852,-0.000244507,0.254912,0.165597,-0.101859,-0.197869,-0.00570603,-0.062584,0.321799,0.0305459,-0.279316,-0.00446606,-0.0344451,-0.112341,0.130776,-0.0537667,0.0455533,-0.426344,0.400299,0.0424528,-0.0589026,0.343518,0.105766,0.277803,0.0572613,0.0198587,0.0748655,0.119659,-0.380925,
0.249602,-0.300587,-0.377018,-0.220066,0.0569293,1.14288,0.433841,0.4684,0.51125,0.871417,-0.295577,-0.462687,-0.143377,0.477365,-0.161801,0.148871,0.0211551,0.0207207,0.835831,-0.285204,0.0137036,0.493715,0.00322367,0.457523,-0.402126,-0.376239,-0.200308,0.679935,-0.0390473,0.513851,0.168183,1.12095,-0.358411,0.42326,-0.100601,0.27818,0.216313,-0.583677,0.586129,0.786792,-0.315511,0.00420459,0.441468,-0.0784842,0.594918,0.511521,0.389959,-0.383301,-0.36894,0.132063,
-0.00482051,0.0473484,0.0124227,-0.102271,0.60886,1.12636,0.264643,0.39203,0.428885,0.904397,-0.0704713,-0.267532,-0.272471,0.469701,-0.178462,0.0550051,0.145247,-0.0822261,0.675509,-0.252061,0.018348,0.326683,-0.0529752,0.187563,-0.533097,0.0103927,0.294476,0.544116,0.172399,0.478572,0.0898196,1.27521,-0.15912,0.400424,0.08951,0.0289586,0.320061,-0.496162,1.21117,0.562332,-0.147338,0.126804,0.486492,-0.153657,0.359368,0.466984,0.273444,-0.360774,-0.412153,0.788639,
0.163224,-0.115433,-0.120142,-0.109626,0.443724,1.22382,0.378064,0.442749,0.538945,1.03184,-0.16632,-0.362335,-0.205078,0.506114,-0.195709,0.159935,0.167853,-0.0525135,0.738552,-0.267945,0.0135579,0.508585,0.0539676,0.294413,-0.480681,-0.205396,0.0452454,0.735342,0.119928,0.575532,0.128434,1.35083,-0.177423,0.422631,0.00664408,0.200241,0.311582,-0.543851,1.07548,0.70035,-0.159217,0.061366,0.449226,-0.0986444,0.439913,0.555775,0.440259,-0.404078,-0.479849,0.491961,
0.0945253,-0.00725955,-0.0871743,0.00187967,-0.00811337,0.194496,0.225662,0.413193,0.48699,0.0977345,0.0448421,0.0275683,0.0848304,0.0549429,0.0598516,0.0833423,0.0340928,0.028846,0.189307,0.0127075,0.0770806,0.173925,0.0592323,0.279356,-0.0417024,-0.0809315,-0.108312,0.105416,-0.0134438,0.567741,0.117448,0.154416,0.0155521,0.00975534,0.0219697,0.0790576,0.0996598,-0.0228155,0.288523,0.517501,0.0393443,0.0382031,0.576902,0.104555,0.358776,0.147771,0.159441,-0.0550577,-0.0482024,0.214701,
0.0605213,0.0455147,0.0435785,-0.0154823,0.440339,1.03644,0.298779,0.292736,0.316923,0.771147,0.00115405,-0.000452626,-0.152194,0.37013,-0.0625862,0.0856026,0.18806,0.0144602,0.617912,-0.111819,0.0979509,0.432806,-0.0023377,0.206755,-0.258173,0.0195708,0.156687,0.568883,0.239934,0.394312,0.145552,1.0635,-0.0453575,0.300894,0.156169,0.0319122,0.315504,-0.269514,0.451297,0.155145,-0.00344363,0.177745,0.423443,-0.0288188,0.262596,0.493176,0.308599,-0.228937,-0.195859,0.520859,
0.0579626,0.129086,0.162961,0.0317019,0.335091,0.303303,0.151821,0.286695,0.279755,0.307674,0.140155,0.0537813,-0.0288572,0.178148,0.043098,0.0373855,0.111611,-0.0348847,0.355685,0.0943328,0.0381539,0.21968,0.051558,0.127369,-0.0418101,0.125042,0.127417,0.200239,0.233079,0.333127,0.0527802,0.35999,0.0887436,0.141958,0.0996584,-0.00195849,0.198537,-0.0174254,0.236376,0.394706,0.0627063,0.0896693,0.36641,-0.0818883,0.16664,0.246872,0.100903,-0.0160968,0.0514845,0.378278,
-0.199386,0.232919,0.277302,-0.00413059,0.94628,0.929262,0.0202252,-0.143975,-0.192671,0.677177,0.162202,-0.0252671,-0.286372,0.361572,-0.149388,-0.0288589,0.329944,-0.096162,0.542485,-0.188467,0.0551333,0.0944841,-0.0366406,-0.206336,-0.415098,0.228427,0.514441,0.371431,0.382965,-0.198274,-0.0472917,1.07148,-0.0456092,0.322537,0.313438,-0.102106,0.426035,-0.447286,1.05506,-0.214583,-0.0278477,0.206371,-0.160024,-0.246219,-0.0752421,0.419605,0.112974,-0.287397,-0.312371,0.734264,
0.116439,-0.0161673,-0.0353289,-0.0314001,0.0664357,-0.14202,-0.042421,0.137826,0.186999,-0.140944,0.0514466,-0.0188033,0.134766,-0.134376,0.0881706,0.0236895,-0.00476679,0.0732053,-0.118422,0.0041311,-0.0284003,-0.0594527,0.0169125,-0.0139474,0.0718278,-0.0552941,-0.000388069,-0.116961,0.0182763,0.208196,0.073562,-0.18666,0.0217524,-0.129356,-0.0260277,0.101704,-0.103441,0.00524516,-0.194838,0.264253,-0.00722373,-0.05533,0.134595,0.122475,0.0456183,-0.0780974,-0.0484457,-0.0716823,-0.100336,0.035397,
0.415868,-0.276114,-0.416992,-0.0760368,-0.264384,0.426044,0.535069,0.998932,1.17755,0.343286,-0.110499,-0.0084923,0.0404804,0.160448,-0.00372058,0.199669,-0.0924203,0.125229,0.387136,-0.0549541,0.0451179,0.426502,0.0344311,0.692461,0.269544,-0.290097,-0.307434,0.360584,-0.102052,1.31852,0.165739,0.244107,-0.0586733,0.155564,-0.209968,0.293792,-0.0512265,0.0262599,-1.06167,1.76159,-0.079363,-0.0746234,1.2722,0.145861,0.879432,0.2339,0.392284,0.232213,0.168931,-0.340395,
0.559431,-0.267199,-0.458031,0.012703,-0.55357,0.0371181,0.546933,0.805027,0.896289,-0.0137061,-0.1209,0.0523944,0.288331,-0.0963382,0.153936,0.242609,-0.206534,0.246915,0.0852471,0.0831434,0.0549276,0.333737,0.110618,0.658189,0.19037,-0.357716,-0.469885,0.046587,-0.229347,1.06155,0.205077,-0.0690135,-0.0221914,-0.0462302,-0.200259,0.480023,-0.181239,0.12724,-0.0475151,1.22511,0.00981869,-0.0681101,0.875877,0.283789,0.775698,0.0302868,0.332127,0.176214,0.147155,-0.782079,
0.505704,-0.255442,-0.468744,0.0901665,-0.539118,0.0415877,0.412825,0.764672,0.830201,-0.0313411,-0.0866373,0.231536,0.271743,-0.172442,0.175635,0.200931,-0.27143,0.262228,0.0997611,0.183729,0.0296487,0.388578,0.102395,0.616049,0.337981,-0.310852,-0.553324,-0.0100921,-0.260906,0.894609,0.17974,0.217365,0.00117749,-0.0821178,-0.316588,0.400729,-0.241688,0.311341,0.282818,0.87632,0.0563493,-0.179961,0.777002,0.316101,0.646889,0.0173572,0.278693,0.336096,0.315561,-0.458481,
0.0946115,0.227295,0.235861,0.172738,0.442475,0.368475,0.0479033,0.189078,0.170099,0.28624,0.256485,0.371063,0.0291395,0.173584,0.102159,0.0161514,0.104621,0.00988776,0.148301,0.0826429,0.141371,0.0570644,0.10247,0.166612,0.344699,0.298472,0.222376,0.191515,0.252726,0.166569,0.023534,0.0758465,0.206349,0.160555,0.178043,0.134694,0.190885,0.183229,-1.14961,0.0448493,0.204586,0.128152,0.232132,0.0520245,0.119498,0.171062,0.0220284,0.256718,0.412384,0.160692,
-0.152235,0.153398,0.207636,-0.0448587,1.19243,0.941634,0.115218,0.615021,0.736762,0.768097,0.00338226,-0.407543,-0.327,0.528042,-0.262729,0.0253759,0.425749,-0.0868542,0.552723,-0.262673,0.104761,0.218002,0.0552649,0.0186146,-0.255998,0.138357,0.498353,0.613693,0.254838,0.8139,0.125555,0.455835,-0.0627777,0.442876,0.298934,0.0287515,0.450406,-0.627154,-0.365657,0.762606,-0.090796,0.20482,0.669218,-0.269963,0.425342,0.406278,0.204001,-0.594798,-0.61771,0.952952,
0.022805,-0.116373,-0.114216,-0.138205,0.128593,0.0389402,0.372748,0.405191,0.422275,0.516419,-0.103112,-0.0255549,-0.211474,0.294434,-0.144315,-0.0586634,-0.0534308,-0.127374,0.534763,-0.165017,-0.0214332,0.480859,-0.107648,0.137746,0.330029,-0.0578924,-0.131762,0.308761,0.0385957,0.390404,-0.0699166,-0.686689,-0.216692,0.143993,-0.0894582,-0.0747537,0.195292,-0.089912,-1.38913,-0.780447,-0.069011,-0.0267806,0.864526,-0.117518,0.0957865,0.440767,0.329966,0.443055,0.570686,0.143693,
-0.42579,-0.0551259,0.102795,0.0409859,-1.5117,-0.265248,-0.41763,-0.146779,-0.282005,-0.0918474,0.114755,0.277995,-0.120471,-0.0124519,0.0388617,-0.0314977,-0.169139,-0.0258901,0.0656362,0.112379,0.0444063,-0.0764178,-0.020164,-0.397352,0.788007,0.117061,-0.599718,0.00596019,0.11704,-0.490396,-0.0418946,-1.35461,-0.00315338,0.00982896,-0.0471362,-0.322836,0.0320131,0.245556,-3.48553,-1.53808,0.130663,0.0510596,0.976927,-0.0953447,-0.353114,0.138188,-0.105961,0.0552423,-0.0760738,-0.207369,
-0.359857,0.185675,0.346808,-0.0612905,0.264959,-1.424,0.057216,-0.552194,-0.679563,-0.642529,0.166666,0.71705,-0.358622,-0.237871,-0.252645,-0.372589,-0.0298055,-0.308317,0.516057,0.0131906,-0.192664,0.27758,-0.282943,-0.483742,1.88054,0.280206,0.258013,-0.304875,0.197569,-0.642551,-0.305025,-2.7654,-0.0227711,-0.279407,0.0512796,-0.513627,0.0892049,0.770485,-5.01734,-2.27612,0.0740577,-0.0126417,-1.03651,-0.313702,-0.622549,0.444809,0.100898,2.55875,2.87483,-0.248803,
0.343563,0.0283098,0.207798,-0.00244754,-1.34367,-1.56453,0.0558933,-0.169209,-0.311008,-0.536256,0.195088,0.614307,0.0894,-0.190393,-0.00354396,-0.0389886,-0.182464,0.0151912,-0.0405731,0.208107,-0.0433364,0.115099,-0.0937819,0.167803,1.34963,0.101228,-0.560418,-0.0580737,0.120366,-0.367924,-0.0851285,-2.78748,0.0294393,-0.206592,-0.086979,0.0265626,-0.0415737,0.671789,-4.82047,1.18136,0.247989,-0.0321431,0.321598,0.169246,-0.0432247,0.105056,0.155952,1.01035,1.22769,-0.650177,
0.357927,-0.266005,-0.349486,0.0475608,-0.95812,-0.818671,0.194221,0.224386,0.197086,-0.655304,-0.203197,-0.220747,0.284021,-0.283111,0.113543,0.151237,-0.273927,0.16275,-0.284313,0.0693933,-0.0292811,0.0630046,0.0698775,0.316077,0.467708,-0.371782,-0.505345,-0.160377,-0.355785,0.210962,0.0958853,-0.826486,0.025028,-0.184914,-0.264149,0.300827,-0.469745,0.175203,-1.45634,-0.0437921,-0.0483962,-0.142111,0.370719,0.29256,0.180952,-0.283072,0.115787,0.310211,0.341386,-0.551373,
-0.0180587,0.247411,0.360215,0.216774,0.0939979,-0.473834,-0.217045,0.0966772,0.165797,-0.429076,0.186576,0.176415,0.0633749,-0.17523,0.178279,-0.0766071,0.0377488,0.0517607,-0.437624,0.213838,0.0423984,-0.3619,0.0915099,-0.0181031,0.526768,0.260309,0.237078,-0.362943,0.0954877,0.19604,0.0414459,-0.92317,0.239523,-0.163742,0.163221,-0.0090066,-0.000672165,0.365723,-1.65006,0.256141,0.228869,0.0779772,0.416026,0.0840627,0.0854674,-0.2685,-0.292787,0.359273,0.417407,0.132615,
0.22335,0.0956285,0.10619,0.0981555,0.254528,-0.33522,-0.0925574,-0.0222713,-0.0671887,-0.160867,0.138906,0.390963,0.179902,-0.0823402,0.0629198,0.0947699,0.0243411,0.0683795,-0.245182,0.170325,-0.0113802,-0.118776,0.0105122,0.0483876,0.439656,0.131584,0.0567918,-0.0992441,0.130929,-0.074442,0.0952915,-0.65873,0.169617,-0.0930718,0.0916471,0.209499,-0.0275931,0.322622,-1.59432,-0.561997,0.166084,0.0404174,-0.0248294,0.231907,-0.119976,-0.113342,-0.045473,0.154144,0.252453,0.0234,
0.488195,-0.210455,-0.295332,-0.0458766,-0.354106,0.111968,0.377396,0.737645,0.823985,0.029242,-0.0619472,0.0104786,0.224434,-0.0170499,0.0912754,0.174838,-0.148454,0.188223,0.103189,0.0734036,0.0667506,0.264651,0.0288026,0.498125,0.0733054,-0.269097,-0.341363,-0.00605058,-0.0791986,0.833265,0.0871202,-0.156004,-0.0902132,-0.0365461,-0.168854,0.367107,-0.0567646,-0.0243342,-1.05779,1.19537,-0.00241587,-0.0425839,1.1153,0.268828,0.650725,0.0752898,0.198104,0.0379685,0.0826037,-0.363419,
0.306332,-0.165774,-0.250316,-0.0401723,-0.309266,-0.115355,0.220126,0.630766,0.796774,-0.0782722,-0.0628996,-0.102138,0.0757568,-0.127234,0.0787604,0.104795,-0.181907,0.0581372,-0.222013,0.0289979,-0.0080393,0.0911405,0.00622192,0.438825,0.309839,-0.255124,-0.354376,-0.11225,-0.218713,0.873375,0.0548354,-0.502697,-0.0176049,-0.108405,-0.199485,0.234301,-0.159741,0.0164798,-0.935569,1.46909,-0.0313069,-0.147988,0.67821,0.125304,0.601586,-0.103925,0.0512343,0.168339,0.275882,-0.558978,
0.094783,-0.172702,-0.180518,-0.1548,0.590334,1.50332,0.503847,0.621911,0.705205,1.16226,-0.192913,-0.406321,-0.215432,0.569401,-0.30586,0.129974,0.198375,-0.0527234,0.837729,-0.317356,0.0222173,0.563812,-0.0654705,0.228747,-0.68543,-0.143089,0.193762,0.780861,0.100693,0.745155,0.110414,1.30037,-0.262664,0.436544,0.0327502,0.166232,0.399211,-0.805629,0.442452,0.812737,-0.211681,0.120999,0.614985,-0.128586,0.532548,0.579145,0.437033,-0.741132,-0.677696,0.0319256,
0.205852,-0.216264,-0.36226,-0.115899,-0.0191739,0.616288,0.2888,0.422067,0.401106,0.42372,-0.223158,-0.376862,0.0352061,0.213257,-0.0915132,0.162884,-0.0604857,0.0269568,0.255397,-0.154511,0.00845914,0.239199,0.0377568,0.340839,-0.323204,-0.260797,-0.199115,0.280647,-0.183123,0.425406,0.141229,0.881138,-0.212297,0.189677,-0.0954479,0.228073,0.00643708,-0.342419,0.962966,0.516222,-0.199317,-0.0672995,0.278793,-0.0278055,0.442394,0.131493,0.172706,-0.203517,-0.258195,-0.0749634,
-0.141475,0.427062,0.439933,0.0505861,0.869758,0.294791,-0.159504,0.104129,0.0908804,0.22096,0.273892,0.337596,-0.130716,0.152432,-0.0175409,-0.0815838,0.234383,-0.0902855,0.150107,-0.00292715,0.0631451,-0.106629,0.0118128,-0.140214,-0.0146273,0.379007,0.535132,0.0763841,0.396195,0.127601,-0.0534245,0.185233,0.138085,0.134187,0.373946,-0.140914,0.291014,0.0517598,-0.189576,0.0244088,0.165265,0.18415,0.203523,-0.171922,-0.113932,0.0978673,-0.148163,0.114036,0.108358,0.722043,
-0.230618,0.409667,0.449203,0.123998,1.00067,0.383519,-0.111982,0.0493911,0.175184,0.233248,0.225739,0.0388389,-0.149562,0.136903,-0.102599,-0.050713,0.283539,-0.111803,0.0155889,0.00933068,0.0284619,-0.159061,0.0227872,-0.170826,-0.177886,0.341564,0.592433,0.104807,0.292655,0.20411,-0.0338112,0.539091,0.158428,0.105095,0.381056,-0.146151,0.267294,-0.174595,0.693594,0.0362282,0.0869776,0.201431,0.0930866,-0.18702,-0.061033,0.0222431,-0.133645,-0.144065,-0.116344,0.669173,
0.018401,-0.162117,-0.21851,-0.163349,0.289072,0.726296,0.129785,0.290116,0.329797,0.591354,-0.200962,-0.364127,-0.124796,0.336375,-0.0853712,0.0445776,0.0591041,-0.0728778,0.320616,-0.225155,0.0430101,0.131483,-0.0179952,0.131995,-0.307226,-0.124838,0.0667373,0.436178,-0.00323785,0.316594,0.0625498,0.757877,-0.115206,0.238462,-0.0365912,0.0836433,0.135623,-0.39898,0.25661,0.612708,-0.200208,0.0422693,0.165227,-0.0243006,0.284612,0.135437,0.131784,-0.159446,-0.206443,0.0822523,
0.104293,0.0651797,0.108311,0.0663692,0.0512686,-0.142188,-0.00228603,0.33963,0.474337,-0.137202,0.0447328,0.0094571,0.0847581,-0.102249,0.0527561,0.0634429,0.085664,0.0826837,-0.213437,0.0484205,0.0558748,-0.145834,0.0386214,0.122247,0.0326462,0.132036,0.116038,-0.140817,0.0318457,0.471344,0.080451,0.0243705,0.146976,-0.0360344,0.0861254,0.0265199,0.00159861,0.0397181,-0.0471461,0.870841,0.0798604,0.00356504,0.428202,0.0627737,0.280276,-0.206999,-0.123688,0.151807,0.120554,-0.014963,
-0.0608269,0.176216,0.201578,0.0558536,0.539597,0.366189,0.066682,0.259179,0.352171,0.239386,0.129575,-0.0863157,-0.0712889,0.110833,-0.0264947,-0.0384218,0.21545,-0.0292974,0.126924,0.0270683,0.0664332,0.0258577,-0.00231116,0.0424721,-0.136975,0.204481,0.317406,0.182485,0.208718,0.390938,0.0208099,0.514457,0.103317,0.158534,0.174759,-0.054339,0.136813,-0.225657,0.488653,0.6851,0.0746803,0.123834,0.358809,-0.072536,0.243794,0.0771702,0.0697185,-0.0455694,-0.0775157,0.374881,
0.0879269,-0.0265586,-0.00799388,0.0138259,0.15584,0.504755,0.12702,0.389461,0.421691,0.390913,-0.060376,-0.190093,-0.0638906,0.149698,-0.0505583,0.051333,0.0849222,-0.0009878,0.238841,-0.0864102,0.0122588,0.088262,-0.00196907,0.083634,-0.234157,-0.0291264,0.0400405,0.266265,0.0476124,0.520992,0.0637653,0.712589,-0.03458,0.151776,0.0152516,0.0411732,0.0965348,-0.23338,0.624386,0.554195,-0.0647696,0.00533556,0.522323,0.00489677,0.260815,0.0781306,0.118682,-0.107292,-0.139439,-0.118246,
0.0295874,0.297321,0.300001,0.205748,0.129871,-0.59913,-0.223385,0.26377,0.314881,-0.500206,0.300582,0.345063,0.106997,-0.253915,0.199166,-0.00434268,0.0776809,0.0242336,-0.388501,0.223519,0.0591151,-0.234691,0.0297953,0.065748,0.465084,0.226349,0.204692,-0.35423,0.101748,0.380262,-0.014822,-0.603501,0.238139,-0.172462,0.0971815,-0.0591683,-0.0355123,0.430598,-0.74595,0.370613,0.262894,0.0951949,0.458663,0.0737469,0.142519,-0.217216,-0.158317,0.401899,0.434401,-0.0760719,
0.199676,-0.140694,-0.194453,0.056267,-0.280856,-0.349575,0.00576938,0.494504,0.598423,-0.344672,-0.0170675,-0.00336775,0.20658,-0.158008,0.0502324,0.0289914,-0.142971,0.109923,-0.222331,0.122272,-0.0358306,-0.0740546,0.0310255,0.212169,0.175203,-0.153311,-0.201926,-0.216111,-0.0471138,0.673695,0.0773512,-0.450356,-0.037687,-0.192196,-0.0752083,0.151734,-0.194338,0.178544,-0.690716,0.949795,0.0274755,-0.102119,0.679474,0.19455,0.400996,-0.165429,-0.0548075,0.156426,0.17633,-0.486646,
0.100237,-0.0365487,-0.144306,0.00326277,-0.200674,-0.32483,-0.0717943,0.382889,0.447571,-0.272539,-0.0900145,-0.168876,0.105045,-0.19134,0.063875,-0.00425392,-0.051715,-0.00903649,-0.284074,-0.0587244,-0.0643112,-0.264529,0.0205333,0.108383,-0.0121784,-0.081151,-0.0485603,-0.147028,-0.133539,0.584703,-0.0152663,-0.301714,0.0263021,-0.116454,-0.104537,0.0997459,-0.162455,-0.0807393,-0.345625,0.955305,-0.0496377,-0.0861579,0.487764,0.065003,0.316702,-0.232736,-0.148723,0.0691349,0.0197396,-0.652113,
0.340523,-0.378765,-0.545552,-0.105057,-0.538098,0.245025,0.444564,0.50969,0.631601,0.190865,-0.217411,-0.255949,0.203408,0.061195,-0.054009,0.220707,-0.220903,0.184265,0.241435,-0.133228,0.0082151,0.483948,0.0654307,0.365627,-0.100941,-0.404797,-0.540373,0.252379,-0.207815,0.631157,0.172382,0.248216,-0.238444,0.0277612,-0.277832,0.326862,-0.119041,-0.161383,0.0548081,0.90404,-0.193811,-0.113671,0.667217,0.213885,0.399343,0.151853,0.311547,-0.112232,-0.0917041,0.0866269,
0.0995656,0.159379,0.14757,0.0585117,-0.114238,-0.222521,0.103545,0.154021,0.206321,-0.172423,0.17331,0.308318,0.0923313,-0.135268,0.0494815,-0.0149603,-0.0199505,0.0877611,-0.0364044,0.161266,0.0374614,0.0904651,0.00830622,0.0757972,0.147798,0.163737,-0.0382636,-0.122407,0.105374,0.199524,-0.0080655,-0.238404,0.121779,-0.113403,0.097512,0.0677258,-0.0083816,0.256744,-0.268509,0.24952,0.232701,0.0304655,0.348929,0.0799808,0.109697,-0.0438799,-0.0224528,0.132353,0.17154,-0.0868108,
0.159736,-0.0563295,-0.142146,0.0786308,-0.301839,-0.29327,0.068661,0.102493,0.132137,-0.28317,0.00168986,-0.0236002,0.231527,-0.153762,0.109879,0.0897155,-0.101451,0.119898,-0.233248,0.0231821,0.0493303,-0.0707862,0.0492735,0.139005,0.189831,-0.132028,-0.224564,-0.130425,-0.144354,0.234774,0.102687,-0.364746,0.0576657,-0.144697,-0.0467186,0.217171,-0.163861,0.0544514,-0.5607,0.162006,0.0247311,-0.0842708,0.161078,0.223169,0.0842359,-0.164795,-0.0517022,0.216192,0.154933,-0.411285,
-0.0120013,0.170447,0.0714685,0.114401,0.195855,-0.172452,-0.0618022,0.277264,0.318288,-0.204333,0.112697,0.0553795,0.0598279,-0.0994036,0.040341,0.0283861,0.0112247,0.0261475,-0.1211,0.150166,0.0636259,-0.0301375,0.0306105,0.0749431,0.207544,0.0985671,0.0944004,-0.0562408,0.0331216,0.42179,-0.0103684,-0.251365,0.131741,-0.0222673,0.119273,0.0171424,-0.000768029,0.0369574,-0.650455,0.554211,0.099767,0.0456435,0.398481,0.0444662,0.150239,-0.133412,-0.0288359,0.205797,0.169051,-0.0874255,
-0.165602,0.310042,0.28695,0.0391847,0.555785,-0.245267,-0.256832,0.118303,0.237122,-0.243277,0.182722,0.12938,-0.0545673,-0.101928,-0.0210683,-0.12816,0.0669551,-0.0561135,-0.190115,0.107859,-0.016186,-0.296927,-0.000989155,-0.223041,0.0536567,0.324555,0.332657,-0.196516,0.152418,0.367852,-0.108351,-0.208993,0.173995,-0.14743,0.223979,-0.126895,0.0835201,0.0483986,-0.258311,0.664619,0.14848,0.0715225,0.328805,-0.0655944,-0.0151197,-0.187439,-0.236225,0.108682,0.0432518,0.481045,
0.273807,-0.181661,-0.231007,0.0634155,-0.394032,-0.317172,0.143076,0.495147,0.630192,-0.23814,-0.0605345,-0.0922579,0.195914,-0.125242,0.0772209,0.105432,-0.1161,0.104423,-0.253147,0.0125474,0.0439174,-0.00253612,0.0762434,0.344817,0.285405,-0.158647,-0.276501,-0.0856259,-0.138323,0.720166,0.107053,-0.414488,0.0173528,-0.0794572,-0.0823578,0.234932,-0.175973,0.116014,-0.675995,0.873307,-0.0406389,-0.0643533,0.614925,0.161483,0.474996,-0.144415,0.0578349,0.214585,0.245132,-0.429693,
-0.0364093,0.192107,0.23711,0.0887664,0.264819,-0.0320154,-0.0350133,0.122696,0.0992108,-0.097799,0.229928,0.308379,0.0597534,0.00758072,0.0836487,0.00641018,0.0651375,0.0537686,-0.145063,0.173435,0.130365,-0.0556013,0.0538075,-0.0694938,0.219886,0.305709,0.219066,-0.0720186,0.201931,0.114523,0.0544427,-0.034023,0.183623,0.0189705,0.23031,-0.0346798,0.113918,0.190817,-0.164767,0.161285,0.212408,0.105624,0.150881,0.0450714,0.0872291,-0.0467392,-0.0881296,0.301522,0.394383,0.282776,
0.220422,-0.114007,-0.143874,0.0742883,-0.370121,-0.340437,0.193574,0.585549,0.657611,-0.235684,0.0553086,0.0697078,0.206561,-0.154221,0.0803266,0.0652043,-0.0839451,0.107466,-0.110908,0.144109,0.0453435,0.110509,0.0248865,0.323173,0.233868,-0.103341,-0.208888,-0.130817,-0.110565,0.704347,0.0253995,-0.315812,0.00851408,-0.181507,-0.0248878,0.170743,-0.0988927,0.175202,-0.261345,0.953416,0.0807312,-0.0425844,0.734217,0.195391,0.412402,-0.0375595,0.0659852,0.181704,0.147406,-0.386649,
0.224258,-0.0181886,-0.0474354,0.0854459,-0.491727,-0.605782,-0.0344092,0.362534,0.425024,-0.547431,0.0397075,0.0877593,0.180031,-0.278203,0.214914,0.0260523,-0.130385,0.108468,-0.405447,0.207125,-0.0110006,-0.212615,0.0174388,0.217214,0.34172,-0.032002,-0.201736,-0.320631,-0.133939,0.443984,-0.00410679,-0.806949,0.0680497,-0.248915,-0.0579806,0.153394,-0.221796,0.17576,-0.993087,0.564039,0.13331,-0.0218839,0.48939,0.124144,0.280891,-0.22268,-0.117773,0.247202,0.257557,-0.901266,
0.0891916,-0.00617918,0.0243102,0.0837291,-0.183987,-0.52264,-0.0905235,0.3066,0.307932,-0.382525,0.0209897,0.0576674,0.162482,-0.275277,0.112125,0.050032,-0.0882305,0.0590543,-0.465233,0.126057,0.0378576,-0.251643,0.0644969,0.17357,0.329322,4.84422e-05,-0.103558,-0.328591,-0.126439,0.442146,0.0178182,-0.521795,0.073823,-0.141839,0.0338916,0.142859,-0.18986,0.254652,-0.548379,0.363602,0.0974612,-0.0550664,0.351216,0.158783,0.241579,-0.351272,-0.150364,0.322111,0.326147,-0.346325,
-0.164869,0.390992,0.489206,0.10164,0.620268,-0.264923,-0.266711,0.0651705,0.0578903,-0.236942,0.281284,0.388057,-0.0281347,-0.119084,0.00870723,-0.125299,0.195496,-0.079642,-0.171261,0.205601,0.0690101,-0.196579,-0.0014494,-0.204809,0.170793,0.400189,0.468626,-0.195478,0.296048,0.0727323,-0.117937,-0.241275,0.197754,-0.127211,0.321227,-0.138227,0.181711,0.186659,-0.242508,0.0192367,0.268773,0.211263,0.152433,-0.0713167,-0.139991,-0.0770244,-0.211864,0.140398,0.112803,0.549554,
0.199024,-0.110466,-0.171388,0.0133108,-0.346486,-0.333451,0.018234,0.244864,0.325142,-0.357449,0.0244505,-0.05103,0.243375,-0.176662,0.100607,0.0704621,-0.0775537,0.154653,-0.289483,0.0655394,-0.0273983,-0.0948524,0.0829919,0.147832,0.142255,-0.0674805,-0.219659,-0.131221,-0.122039,0.35659,0.0176968,-0.365071,0.0128846,-0.151276,-0.106963,0.241879,-0.137255,0.0867885,-0.290075,0.611168,-0.00569734,-0.0326921,0.370366,0.165107,0.188102,-0.181899,-0.0517017,0.1286,0.174122,-0.403704,
0.0485262,0.0460171,0.0740819,0.00609588,0.184737,-0.0977182,0.00660658,0.334772,0.381833,-0.115846,0.038123,0.094719,0.000789208,-0.0557563,0.0719444,0.0641979,0.0185325,0.0278069,-0.0951355,0.0478495,0.0493483,-0.0331879,0.0927534,0.0648519,0.0845595,0.0880849,0.0825225,-0.00942695,0.0402962,0.413975,0.0615078,-0.19926,0.0476775,-0.00593121,0.11331,0.0172639,0.0588484,0.0442832,-0.279945,0.374215,0.0996964,0.0204507,0.419019,0.0105827,0.155181,-0.0796258,0.0109242,0.116081,0.0473163,-0.0241981,
-0.436052,0.612063,0.690225,0.11288,1.13959,0.245698,-0.300399,-0.198719,-0.159217,0.20865,0.495992,0.485175,-0.227331,0.103467,-0.0574944,-0.20871,0.303201,-0.155924,0.178572,0.0783338,0.0635568,-0.174005,-0.0179241,-0.488309,0.0197112,0.643772,0.743913,-0.0570791,0.586768,-0.192525,-0.121082,0.303618,0.293816,0.0755105,0.544768,-0.40675,0.45284,0.0618892,0.332608,-0.18297,0.269304,0.271514,0.0266506,-0.221929,-0.351944,0.206258,-0.129538,-0.0188872,0.031766,1.36795,
0.2258,-0.209858,-0.185888,-0.0523265,-0.317981,-0.0760042,0.247534,0.553188,0.612137,-0.0189218,-0.0437215,0.0253354,0.13215,-0.0252396,0.0513061,0.11275,-0.11077,0.0947145,0.201198,0.00940563,-0.0234673,0.323383,0.0347557,0.393346,0.0896388,-0.225541,-0.222386,0.0969422,-0.0767094,0.699915,0.133304,-0.0976544,-0.0667617,-0.0711258,-0.176878,0.235428,-0.028497,0.0585781,-0.34296,0.877777,-0.0317974,-0.0366077,0.696934,0.157571,0.515123,0.0838412,0.194206,0.0362615,-0.00701615,-0.161746,
0.38931,-0.215559,-0.346236,0.10448,-0.758713,-0.904491,0.0421159,0.306734,0.3626,-0.689759,-0.0713223,0.0143599,0.388383,-0.434216,0.24632,0.0744173,-0.218409,0.192243,-0.533052,0.19673,-0.00617711,-0.0996703,0.0859627,0.350401,0.391186,-0.240593,-0.520654,-0.360619,-0.283888,0.426793,0.0599784,-0.893331,0.0093779,-0.322208,-0.282098,0.268619,-0.460005,0.331387,-0.849827,0.457111,0.0275974,-0.152104,0.47748,0.32062,0.27568,-0.380403,-0.0678694,0.268863,0.218578,-1.03151,
-0.126456,0.45405,0.550009,0.260284,0.33236,-0.907004,-0.467172,-0.036427,-0.0212306,-0.703292,0.365215,0.472996,0.174719,-0.369711,0.230582,-0.0893245,0.132274,0.00126098,-0.686769,0.333125,0.0585499,-0.618786,0.071504,-0.20117,0.478339,0.485429,0.369157,-0.565705,0.182443,0.0639722,-0.0326952,-0.989964,0.41236,-0.320232,0.335343,-0.112277,-0.072703,0.512048,-1.11182,0.104988,0.330993,0.106819,0.0834733,0.020942,-0.192933,-0.469661,-0.458732,0.402146,0.463815,0.0650702,
0.139762,0.0305674,0.0393925,0.0366084,0.0748002,-0.303479,0.0564387,0.291588,0.318941,-0.26679,0.0507616,0.275753,0.138364,-0.176221,0.126337,0.0541926,-0.0282219,0.0536286,-0.10544,0.104415,0.0632776,0.0164815,0.0582024,0.212412,0.219275,0.0548527,-0.00713898,-0.13088,0.0796459,0.382584,0.0053071,-0.442365,0.0607792,-0.126143,0.0317422,0.139611,-0.0661847,0.240505,-0.553465,0.474928,0.0794711,0.0400269,0.297314,0.145622,0.180029,-0.0112775,-0.0557824,0.218167,0.290107,-0.105812,
0.0334177,-0.181803,-0.226338,-0.0856298,-0.196662,0.0227046,0.0721201,0.232846,0.215416,-0.0282283,-0.18337,-0.255162,0.0401841,-0.00601168,-0.0134135,0.0719244,-0.0520387,0.0176098,-0.0676682,-0.0577853,0.0050038,-0.0538194,0.0286303,0.163718,-0.0525005,-0.173191,-0.188016,0.00161038,-0.143017,0.220617,0.0286161,0.0958834,-0.134268,-0.0100726,-0.150106,0.115212,-0.160804,-0.162623,0.0742038,0.401991,-0.153549,-0.0501807,0.214942,0.0533852,0.220614,-0.0914381,-0.0332985,0.0204356,-0.0673763,-0.45521,
0.0758217,-0.0243818,-0.0425854,0.047936,-0.0464215,0.0161347,-0.00398972,0.297732,0.37487,-0.013235,-0.0112392,-0.0665279,0.0744891,-0.103623,-0.0184016,0.0234914,0.00135401,-0.0225199,-0.174497,-0.00331896,-0.00838922,-0.0796075,0.0235247,0.0152367,0.0703698,-0.00739549,-0.0433416,-0.0730257,0.00189904,0.339999,0.0389336,0.0850217,-0.00913213,-0.0647564,-0.0199685,0.0237338,-0.0948889,-0.0771335,0.183449,0.689196,0.0583765,-0.00662145,0.349028,0.0756344,0.111932,-0.0993015,-0.0124028,0.046556,0.0462846,-0.336502,
0.00965331,0.0257675,-0.0220082,-0.0349717,0.301341,0.596359,0.125151,0.124991,0.0737513,0.495822,-0.00138663,-0.196955,-0.156744,0.267775,-0.0796414,0.0094303,0.156654,-0.0940613,0.521977,-0.176203,-0.0250859,0.242869,-0.0605445,0.00746155,-0.319748,0.00302228,0.132415,0.362504,0.164422,0.0580485,0.0100707,0.775412,-0.0967891,0.191365,0.0334315,0.00271012,0.23308,-0.357051,0.936906,0.177857,-0.0229317,0.114319,0.168753,-0.099577,0.0843522,0.302494,0.218267,-0.134951,-0.203612,0.398663,
0.114311,-0.0192346,0.000525624,0.109806,-0.175564,-0.437902,0.0401039,0.37459,0.456352,-0.343713,0.0673748,0.044201,0.155628,-0.137615,0.130922,0.0276993,-0.0815304,0.0815176,-0.186113,0.116278,0.0678351,-0.120732,0.0717482,0.240807,0.173946,-0.00914608,-0.074557,-0.211685,-0.0412691,0.502788,0.040489,-0.393527,0.0674027,-0.183928,-0.0630172,0.108605,-0.155454,0.166734,-0.460983,0.880655,0.100473,-0.031558,0.487767,0.100594,0.269905,-0.128907,-0.0664467,0.197732,0.214697,-0.0247886,
-0.0113023,0.106901,0.161047,0.0837862,0.247676,0.0146434,-0.0194105,0.167622,0.217415,-0.0442246,0.0972472,0.065798,-0.0329748,-0.0168022,0.0191578,0.00800474,0.0521817,0.019288,0.0718544,0.0564746,0.00855925,-0.0475806,0.00159446,0.0532858,0.0589051,0.0756552,0.125911,-0.0449399,0.144779,0.229269,0.0279859,0.0428118,0.0236431,0.0461783,0.086052,0.0435225,0.110301,0.0602401,0.186076,0.225782,0.0994842,0.06366,0.258575,-0.0211298,0.14966,0.0251311,-0.00172895,0.0438031,0.114103,0.277147,
0.246962,-0.305017,-0.379718,-0.0766934,-0.225493,0.369768,0.342481,0.579287,0.641475,0.311366,-0.278748,-0.342511,0.0138563,0.140954,-0.0490105,0.147558,-0.0142752,0.120633,0.290382,-0.189148,0.00848993,0.36332,0.0755056,0.424149,-0.205285,-0.345071,-0.236208,0.266153,-0.118758,0.729381,0.179942,0.402769,-0.210005,0.157349,-0.156819,0.248898,-0.0397068,-0.262827,0.394334,0.922611,-0.198787,-0.1088,0.70858,0.0641528,0.541402,0.150266,0.307907,-0.119753,-0.156595,-0.183328,
0.385994,-0.449447,-0.461387,-0.0229127,-0.945735,-0.319187,0.306826,0.512971,0.48991,-0.230677,-0.303718,-0.206381,0.220205,-0.18192,0.102672,0.220519,-0.279938,0.168346,-0.168313,0.0112485,-0.0404009,0.157052,0.0910256,0.506264,0.196595,-0.39415,-0.659874,-0.113152,-0.331955,0.516634,0.169717,-0.20989,-0.098087,-0.102582,-0.330649,0.376118,-0.329243,0.118169,0.0380571,0.8878,-0.104833,-0.201776,0.458557,0.303363,0.489005,-0.144912,0.172468,0.132967,0.132594,-0.553817,
0.0915475,0.00546268,-0.0271241,0.00371884,0.101575,0.358103,0.191533,0.14376,0.177811,0.229664,-0.00650181,-0.0574819,-0.0171697,0.16436,0.00397625,0.123222,0.0306134,0.00571374,0.260655,-0.0808734,-0.00791898,0.190089,0.0601689,0.128704,-0.155514,0.0157706,-0.00467437,0.207788,0.0729247,0.149734,0.117836,0.538885,-0.045263,0.138997,0.0594034,0.125175,0.119181,-0.207491,0.645678,-0.0463288,0.00227484,0.0657839,0.249498,0.0675878,0.172797,0.150032,0.185162,-0.114541,-0.141893,0.295156,
0.276843,-0.204709,-0.24897,-0.0352775,-0.120499,0.495668,0.348167,0.510859,0.526304,0.401104,-0.122185,-0.177071,0.0541645,0.188769,-0.00211763,0.162231,-0.0419022,0.0420163,0.468615,-0.102745,0.0644895,0.452173,0.024403,0.404156,-0.158908,-0.165829,-0.262107,0.354296,-0.0274475,0.525638,0.11664,0.432676,-0.145799,0.150888,-0.0946591,0.167882,0.122408,-0.158939,0.368714,0.579574,-0.114884,-0.0544741,0.592413,0.0881646,0.401497,0.356896,0.268546,-0.148476,-0.147368,0.00447318,
-0.353977,0.640656,0.760078,0.28779,0.684389,-0.583522,-0.501067,-0.434011,-0.413908,-0.496962,0.530309,0.543492,0.00206556,-0.254441,0.0950652,-0.193953,0.270929,-0.0545988,-0.52627,0.264204,0.118507,-0.62929,0.0389298,-0.44786,0.299708,0.608131,0.62448,-0.48813,0.360508,-0.426462,-0.0937954,-0.489334,0.398002,-0.227069,0.432491,-0.240589,0.0674966,0.36263,-0.480479,-0.379122,0.356587,0.232345,-0.306583,-0.0391686,-0.465621,-0.355129,-0.394939,0.363883,0.413854,0.655587,
0.179777,0.202174,0.251286,0.152745,-0.240714,-0.728537,-0.00728213,0.0760753,0.014202,-0.491304,0.309886,0.605929,0.13882,-0.251875,0.163628,0.00764674,-0.100255,0.0906753,-0.278147,0.298617,0.0368711,-0.0598083,0.0421907,0.109484,0.503139,0.27655,-0.0841463,-0.417029,0.177821,-0.0869715,-0.0146758,-0.774736,0.243177,-0.236192,0.072717,0.0706989,-0.0199732,0.532604,-0.764886,-0.0551447,0.323235,0.0819247,0.152835,0.173901,-0.0365947,-0.160517,-0.129856,0.520623,0.554376,0.130134,
0.140518,0.114541,0.113787,0.161317,-0.202234,-0.755897,-0.160117,0.387245,0.445771,-0.581973,0.110938,0.317732,0.150365,-0.347744,0.123813,-0.0306734,-0.155866,0.0590784,-0.475174,0.248879,-0.0221601,-0.216378,-0.0123208,0.168913,0.293338,0.0954394,-0.102237,-0.464054,-0.0320171,0.500606,-0.0466458,-0.679853,0.201897,-0.360881,-0.00335413,-0.0287867,-0.184381,0.370905,-0.575145,0.852824,0.156112,0.00400373,0.587154,0.0557698,0.274137,-0.312701,-0.262014,0.231497,0.276903,-0.0300168,
0.389328,-0.175021,-0.252701,0.171594,-0.844302,-1.11748,-0.007252,0.391746,0.35771,-0.909313,-0.0615641,0.115534,0.436041,-0.493154,0.292548,0.130435,-0.32523,0.279682,-0.779039,0.263975,-0.00424547,-0.259295,0.0970918,0.379134,0.623361,-0.171245,-0.515908,-0.507759,-0.372546,0.38122,0.124932,-1.32966,0.084731,-0.391995,-0.211602,0.404399,-0.553639,0.497232,-1.57778,1.11386,0.0600202,-0.183782,0.429993,0.344035,0.405789,-0.64177,-0.16372,0.527037,0.59237,-0.473313,
0.185366,0.225466,0.244238,0.289374,-0.559068,-1.30625,-0.170919,0.0840156,-0.00814868,-0.970033,0.220685,0.486996,0.454665,-0.539644,0.373985,0.102203,-0.0988832,0.252997,-0.841951,0.362662,0.144111,-0.407544,0.160525,0.119858,0.883309,0.203178,-0.0485147,-0.658949,-0.0972203,0.0432955,0.072111,-1.6548,0.366037,-0.363521,0.0976278,0.185009,-0.353721,0.650914,-2.01046,-0.0698101,0.351161,0.0125614,0.1832,0.355248,0.0676552,-0.547048,-0.317534,0.822065,0.892273,-0.359719,
0.0424061,0.431514,0.365502,0.268617,0.288343,-0.815489,-0.276381,0.201021,0.401078,-0.745777,0.391815,0.484535,0.259255,-0.391798,0.257388,-0.0148416,0.0889533,0.14357,-0.731952,0.378854,0.0975323,-0.441497,0.106556,-0.013207,0.606201,0.436355,0.349764,-0.540612,0.116282,0.478552,-0.025826,-0.898523,0.417044,-0.316035,0.247742,-0.00603679,-0.185524,0.602812,-1.08746,0.649581,0.38915,0.0693578,0.310552,0.130894,0.11747,-0.472103,-0.321624,0.598733,0.63881,-0.0265876,
-0.0223998,0.319191,0.361962,0.210079,0.47123,-1.16448,-0.451316,-0.398876,-0.402738,-1.10299,0.14214,0.267341,0.233705,-0.470384,0.202069,-0.0263293,0.0562071,0.0463157,-1.00793,0.13143,-0.00949445,-0.791817,0.0875831,-0.253902,0.523916,0.279687,0.325329,-0.698959,-0.0373531,-0.361173,0.0233261,-0.929466,0.225972,-0.410928,0.166343,0.202774,-0.327456,0.479472,-0.628726,-0.413725,0.112235,-0.0393335,-0.55413,0.101352,-0.215965,-0.693555,-0.432552,0.55221,0.643725,0.108201,
-2.80488,-0.290775,-0.202704,-1.01121,0.342248,0.0331139,-1.9844,-2.91489,-3.2601,-0.852879,-0.608201,-0.486455,-2.16219,-1.0115,-1.48905,-1.63541,-0.763153,-1.74568,-1.79727,-1.12842,-1.14092,-2.02954,-1.1026,-2.55836,-0.37689,-0.313022,-0.213739,-1.57934,-0.78017,-3.528,-1.46396,1.07827,-0.711888,-0.924152,-0.561271,-2.04186,-0.952577,-0.655902,2.61126,-4.04186,-0.89485,-0.914096,-4.52879,-2.33456,-2.4649,-1.4999,-2.02931,-0.839005,-0.969954,1.31499,
1.20007,-1.20246,-0.247652,
-1.65699,1.7127,-0.441305,
-1.97931,1.94045,-0.358503,
-0.49809,1.05523,-0.920976,
-3.63393,2.93367,2.17731,
-2.4654,-1.72247,3.95845,
0.335368,-1.31704,0.485646,
1.7192,-1.89592,0.676797,
2.40242,-2.03094,1.00173,
-1.50006,-1.00364,3.47441,
-1.45495,1.03881,-0.826481,
-1.87543,0.380572,-2.26637,
1.25773,0.132918,-1.28192,
-0.836652,-0.0135575,2.0978,
0.228566,0.842609,-1.16161,
0.549422,0.0314469,-0.0423549,
-1.02923,1.16998,0.734202,
0.605642,0.233901,-0.649601,
-1.03342,-2.00223,2.755,
-0.588885,0.794971,-1.61302,
-0.357448,0.692097,-0.244382,
-0.277214,-1.93653,0.852304,
0.203683,0.798055,-0.388683,
0.881303,-1.21911,0.154,
0.770838,1.50411,-4.21044,
-1.76155,1.66238,-0.47375,
-2.24011,2.13791,0.777272,
-0.541495,-0.741179,2.45622,
-1.68912,0.75694,0.484492,
2.90978,-2.08385,1.30702,
0.500342,0.260855,0.020947,
-3.62977,-2.98455,4.0598,
-0.85762,1.26953,-1.16785,
-0.668042,0.216913,1.6028,
-1.37617,1.33212,0.156511,
1.61838,-0.677758,-0.0577841,
-1.4542,0.143601,1.36259,
-0.851289,0.454543,-3.68401,
-6.79789,-5.30496,5.53364,
3.74839,-3.37002,2.86351,
-1.12095,0.752159,-1.16992,
-0.973167,0.779355,0.18158,
2.47243,-3.32443,0.535784,
1.06269,-0.133766,-0.920504,
1.13019,-1.12998,1.08741,
-1.02768,-1.37772,1.76425,
-0.0402844,-1.06501,0.883367,
-0.419368,2.92431,-3.93127,
-0.687447,3.47439,-4.042,
-2.47482,0.911456,-1.57881,
